Region, Date, Frequency, Estimated Unemployment Rate (%), Estimated Employed, Estimated Labour Participation Rate (%)
Andhra Pradesh, 31-01-2016, M,17.91,20626291,62.67
Andhra Pradesh, 29-02-2016, M,9.98,19334918,53.5
Andhra Pradesh, 31-03-2016, M,10.72,19646970,54.73
Andhra Pradesh, 30-04-2016, M,5.51,18929583,49.76
Andhra Pradesh, 31-05-2016, M,6.29,21163390,56.02
Andhra Pradesh, 30-06-2016, M,4.51,18431598,47.81
Andhra Pradesh, 31-07-2016, M,4.87,19486726,50.67
Andhra Pradesh, 31-08-2016, M,4.03,18826519,48.45
Andhra Pradesh, 30-09-2016, M,7.6,19863483,53.02
Andhra Pradesh, 31-10-2016, M,10.06,19151488,52.44
Andhra Pradesh, 30-11-2016, M,5.23,19046358,49.43
Andhra Pradesh, 31-12-2016, M,4.64,18235985,46.97
Andhra Pradesh, 31-01-2017, M,5.85,19480036,50.74
Andhra Pradesh, 28-02-2017, M,4.75,18231391,46.88
Andhra Pradesh, 31-03-2017, M,3.06,18418217,46.47
Andhra Pradesh, 30-04-2017, M,3.52,18173679,46.01
Andhra Pradesh, 31-05-2017, M,2.3,17992099,44.91
Andhra Pradesh, 30-06-2017, M,3.65,17724207,44.8
Andhra Pradesh, 31-07-2017, M,2.66,17953658,44.85
Andhra Pradesh, 31-08-2017, M,3.43,17774825,44.7
Andhra Pradesh, 30-09-2017, M,6.59,18595636,48.28
Andhra Pradesh, 31-10-2017, M,3.51,17233209,43.25
Andhra Pradesh, 30-11-2017, M,3.32,18182263,45.48
Andhra Pradesh, 31-12-2017, M,4.01,18593687,46.77
Andhra Pradesh, 31-01-2018, M,5.79,17947085,45.93
Andhra Pradesh, 28-02-2018, M,3.97,17568645,44.06
Andhra Pradesh, 31-03-2018, M,4.22,17247729,43.3
Andhra Pradesh, 30-04-2018, M,3.65,17084469,42.58
Andhra Pradesh, 31-05-2018, M,4.01,17078661,42.66
Andhra Pradesh, 30-06-2018, M,4.51,16524370,41.44
Andhra Pradesh, 31-07-2018, M,5.25,17438268,44.01
Andhra Pradesh, 31-08-2018, M,4.33,17247277,43.05
Andhra Pradesh, 30-09-2018, M,4.88,17200185,43.11
Andhra Pradesh, 31-10-2018, M,5.56,15617337,39.37
Andhra Pradesh, 30-11-2018, M,5.24,16856909,42.29
Andhra Pradesh, 31-12-2018, M,4.2,17094902,42.37
Andhra Pradesh, 31-01-2019, M,5.21,17525876,43.83
Andhra Pradesh, 28-02-2019, M,5.76,15705618,39.46
Andhra Pradesh, 31-03-2019, M,5.17,16300531,40.64
Andhra Pradesh, 30-04-2019, M,4.02,17501776,43.05
Andhra Pradesh, 31-05-2019, M,4.36,16787801,41.38
Andhra Pradesh, 30-06-2019, M,3.27,16580510,40.35
Andhra Pradesh, 31-07-2019, M,4.29,16744148,41.12
Andhra Pradesh, 31-08-2019, M,3.68,17028869,41.5
Andhra Pradesh, 30-09-2019, M,5.41,16990761,42.11
Andhra Pradesh, 31-10-2019, M,3.86,16791781,40.88
Andhra Pradesh, 30-11-2019, M,5.14,16066455,39.59
Andhra Pradesh, 31-12-2019, M,5.39,17442360,43.03
Andhra Pradesh, 31-01-2020, M,5.48,16635535,41.02
Andhra Pradesh, 29-02-2020, M,5.83,16545652,40.9
Andhra Pradesh, 31-03-2020, M,5.79,15881197,39.18
Andhra Pradesh, 30-04-2020, M,20.51,11336911,33.1
Andhra Pradesh, 31-05-2020, M,17.43,12988845,36.46
Andhra Pradesh, 30-06-2020, M,3.31,19805400,47.41
Andhra Pradesh, 31-07-2020, M,8.34,15431615,38.91
Andhra Pradesh, 31-08-2020, M,6.96,15251776,37.83
Andhra Pradesh, 30-09-2020, M,6.4,15220312,37.47
Andhra Pradesh, 31-10-2020, M,6.64,15140379,37.32
Andhra Pradesh, 30-11-2020, M,6.02,15478231,37.84
Andhra Pradesh, 31-12-2020, M,6.71,15854431,39
Andhra Pradesh, 31-01-2021, M,4.48,16516412,39.62
Andhra Pradesh, 28-02-2021, M,3.74,16736552,39.78
Andhra Pradesh, 31-03-2021, M,5.88,15752408,38.24
Andhra Pradesh, 30-04-2021, M,4.91,15834266,37.99
Andhra Pradesh, 31-05-2021, M,13.47,15087562,39.72
Andhra Pradesh, 30-06-2021, M,7.51,15549755,38.25
Assam, 31-01-2016, M,5.89,11359949,51.38
Assam, 29-02-2016, M,12.68,11099822,54.01
Assam, 31-03-2016, M,4.31,10185318,45.13
Assam, 30-04-2016, M,0.65,10034857,42.74
Assam, 31-05-2016, M,3.78,10742464,47.15
Assam, 30-06-2016, M,10.23,10091196,47.38
Assam, 31-07-2016, M,13.02,9405383,45.49
Assam, 31-08-2016, M,8.33,10324130,47.28
Assam, 30-09-2016, M,8.28,10348445,47.27
Assam, 31-10-2016, M,7.58,9638230,43.61
Assam, 30-11-2016, M,10.43,9526435,44.38
Assam, 31-12-2016, M,3.88,10967264,47.52
Assam, 31-01-2017, M,8,10796302,48.78
Assam, 28-02-2017, M,6.79,9690200,43.13
Assam, 31-03-2017, M,7.11,9788608,43.63
Assam, 30-04-2017, M,2,10404676,43.87
Assam, 31-05-2017, M,12.79,11040428,52.21
Assam, 30-06-2017, M,10.88,10161665,46.93
Assam, 31-07-2017, M,8.61,10097422,45.39
Assam, 31-08-2017, M,4.8,10599812,45.65
Assam, 30-09-2017, M,8.69,11506550,51.56
Assam, 31-10-2017, M,10,10405814,47.21
Assam, 30-11-2017, M,10.3,10249424,46.57
Assam, 31-12-2017, M,7.03,10024090,43.85
Assam, 31-01-2018, M,7.42,11046486,48.43
Assam, 28-02-2018, M,9.76,10041204,45.08
Assam, 31-03-2018, M,5.85,10509903,45.14
Assam, 30-04-2018, M,3.58,11071967,46.34
Assam, 31-05-2018, M,6.29,12034894,51.72
Assam, 30-06-2018, M,8.57,10215989,44.91
Assam, 31-07-2018, M,7.85,10502434,45.72
Assam, 31-08-2018, M,3.9,11098521,46.23
Assam, 30-09-2018, M,11.19,11507942,51.77
Assam, 31-10-2018, M,5.33,10063961,42.39
Assam, 30-11-2018, M,8.18,10898176,47.23
Assam, 31-12-2018, M,6.11,11162155,47.22
Assam, 31-01-2019, M,5.11,12518130,52.28
Assam, 28-02-2019, M,5.36,10314086,43.12
Assam, 31-03-2019, M,6.78,11068934,46.88
Assam, 30-04-2019, M,5,11349197,47.07
Assam, 31-05-2019, M,4.75,13421041,55.41
Assam, 30-06-2019, M,5.87,10570564,44.07
Assam, 31-07-2019, M,4.1,11651371,47.59
Assam, 31-08-2019, M,6.49,10887620,45.51
Assam, 30-09-2019, M,5.07,13044829,53.61
Assam, 31-10-2019, M,5.76,9991084,41.27
Assam, 30-11-2019, M,4.91,11333409,46.31
Assam, 31-12-2019, M,0.88,10209749,39.95
Assam, 31-01-2020, M,4.66,13051904,52.98
Assam, 29-02-2020, M,4.41,10088268,40.77
Assam, 31-03-2020, M,4.77,11542888,46.73
Assam, 30-04-2020, M,11.06,6830817,29.55
Assam, 31-05-2020, M,9.55,11367897,48.26
Assam, 30-06-2020, M,0.6,9095944,35.07
Assam, 31-07-2020, M,3.77,10286757,40.88
Assam, 31-08-2020, M,5.53,9781310,39.52
Assam, 30-09-2020, M,1.19,14107641,54.38
Assam, 31-10-2020, M,3.02,11949329,46.84
Assam, 30-11-2020, M,3.98,10901371,43.07
Assam, 31-12-2020, M,7.64,10482404,42.97
Assam, 31-01-2021, M,1.53,13177962,50.57
Assam, 28-02-2021, M,1.65,11283161,43.27
Assam, 31-03-2021, M,1.06,11122329,42.31
Assam, 30-04-2021, M,0.19,10349575,38.95
Assam, 31-05-2021, M,0.05,15248170,57.19
Assam, 30-06-2021, M,0.62,10234141,38.53
Bihar, 31-01-2016, M,4.36,28057185,41.53
Bihar, 29-02-2016, M,6.71,30498497,46.19
Bihar, 31-03-2016, M,3.46,27221171,39.75
Bihar, 30-04-2016, M,6.38,29658522,44.57
Bihar, 31-05-2016, M,14.02,28478123,46.5
Bihar, 30-06-2016, M,9.85,30522107,47.43
Bihar, 31-07-2016, M,6.18,27690621,41.26
Bihar, 31-08-2016, M,13,29464621,47.24
Bihar, 30-09-2016, M,15.07,27765395,45.5
Bihar, 31-10-2016, M,6.96,28984634,43.27
Bihar, 30-11-2016, M,6.85,28112295,41.82
Bihar, 31-12-2016, M,4.63,29200982,42.34
Bihar, 31-01-2017, M,5.52,27676967,40.42
Bihar, 28-02-2017, M,3.96,29083045,41.7
Bihar, 31-03-2017, M,2.86,27673248,39.15
Bihar, 30-04-2017, M,1.57,28233171,39.33
Bihar, 31-05-2017, M,2.53,29318241,41.16
Bihar, 30-06-2017, M,1.94,29629790,41.26
Bihar, 31-07-2017, M,1.97,27760196,38.58
Bihar, 31-08-2017, M,3.57,27711437,39.06
Bihar, 30-09-2017, M,5.1,28123701,40.2
Bihar, 31-10-2017, M,5.04,28631228,40.81
Bihar, 30-11-2017, M,4.91,28158520,40
Bihar, 31-12-2017, M,5.31,28012830,39.87
Bihar, 31-01-2018, M,4.07,29478932,41.33
Bihar, 28-02-2018, M,7.05,28747971,41.51
Bihar, 31-03-2018, M,10.21,27605523,41.18
Bihar, 30-04-2018, M,7.97,27392078,39.78
Bihar, 31-05-2018, M,5.07,28900697,40.6
Bihar, 30-06-2018, M,7.6,28041995,40.39
Bihar, 31-07-2018, M,9.26,26680623,39.04
Bihar, 31-08-2018, M,9.27,26215273,38.28
Bihar, 30-09-2018, M,5.41,28043216,39.2
Bihar, 31-10-2018, M,9.56,26666955,38.9
Bihar, 30-11-2018, M,11.23,25928392,38.45
Bihar, 31-12-2018, M,8.14,25722354,36.78
Bihar, 31-01-2019, M,8.69,27289779,39.17
Bihar, 28-02-2019, M,11.47,26749981,39.53
Bihar, 31-03-2019, M,11.29,26382051,38.82
Bihar, 30-04-2019, M,12.19,25018247,37.11
Bihar, 31-05-2019, M,10.58,27351666,39.76
Bihar, 30-06-2019, M,10.58,27346572,39.66
Bihar, 31-07-2019, M,13.8,26308621,39.5
Bihar, 31-08-2019, M,11.84,25254973,36.99
Bihar, 30-09-2019, M,10.1,26983170,38.68
Bihar, 31-10-2019, M,12.66,27226568,40.08
Bihar, 30-11-2019, M,13.07,25527075,37.68
Bihar, 31-12-2019, M,10.73,25892391,37.13
Bihar, 31-01-2020, M,10.61,26397671,37.72
Bihar, 29-02-2020, M,10.29,26281655,37.35
Bihar, 31-03-2020, M,15.43,25717519,38.69
Bihar, 30-04-2020, M,46.64,16046236,38.17
Bihar, 31-05-2020, M,45.96,16280203,38.16
Bihar, 30-06-2020, M,17.82,23963933,36.86
Bihar, 31-07-2020, M,12.79,24989370,36.14
Bihar, 31-08-2020, M,13.44,23795534,34.59
Bihar, 30-09-2020, M,11.91,26902907,38.35
Bihar, 31-10-2020, M,9.82,25693252,35.7
Bihar, 30-11-2020, M,9.98,26021204,36.14
Bihar, 31-12-2020, M,12.65,24393328,34.84
Bihar, 31-01-2021, M,10.5,28016910,38.97
Bihar, 28-02-2021, M,11.47,25685968,36.05
Bihar, 31-03-2021, M,14.6,25734604,37.36
Bihar, 30-04-2021, M,11.54,24727431,34.58
Bihar, 31-05-2021, M,13.84,27337099,39.17
Bihar, 30-06-2021, M,10.5,25380747,34.94
Chhattisgarh, 31-01-2016, M,2.38,8062186,41.83
Chhattisgarh, 29-02-2016, M,4.9,8160104,43.37
Chhattisgarh, 31-03-2016, M,3.07,8964452,46.64
Chhattisgarh, 30-04-2016, M,3.09,8310606,43.15
Chhattisgarh, 31-05-2016, M,5.41,8584637,45.56
Chhattisgarh, 30-06-2016, M,4.6,8525708,44.77
Chhattisgarh, 31-07-2016, M,4.53,9384490,49.13
Chhattisgarh, 31-08-2016, M,3.3,8555054,44.12
Chhattisgarh, 30-09-2016, M,7.9,9389548,50.73
Chhattisgarh, 31-10-2016, M,3.81,10395187,53.65
Chhattisgarh, 30-11-2016, M,4.52,9938956,51.56
Chhattisgarh, 31-12-2016, M,4.84,8514136,44.22
Chhattisgarh, 31-01-2017, M,4.13,8588739,44.18
Chhattisgarh, 28-02-2017, M,2.8,9516327,48.18
Chhattisgarh, 31-03-2017, M,3.06,9830840,49.79
Chhattisgarh, 30-04-2017, M,4.51,8828474,45.29
Chhattisgarh, 31-05-2017, M,4.5,8703496,44.55
Chhattisgarh, 30-06-2017, M,2.04,8708894,43.36
Chhattisgarh, 31-07-2017, M,1.24,9730235,47.94
Chhattisgarh, 31-08-2017, M,4,8863490,44.83
Chhattisgarh, 30-09-2017, M,4.75,8759506,44.55
Chhattisgarh, 31-10-2017, M,3.02,9049363,45.1
Chhattisgarh, 30-11-2017, M,3.28,9329292,46.52
Chhattisgarh, 31-12-2017, M,1.54,9205573,44.99
Chhattisgarh, 31-01-2018, M,6.72,8551446,44.01
Chhattisgarh, 28-02-2018, M,2.61,8316869,40.92
Chhattisgarh, 31-03-2018, M,3.2,8870407,43.81
Chhattisgarh, 30-04-2018, M,2.06,8529349,41.54
Chhattisgarh, 31-05-2018, M,4.34,8029058,39.95
Chhattisgarh, 30-06-2018, M,2.44,8107650,39.46
Chhattisgarh, 31-07-2018, M,3.38,8543548,41.89
Chhattisgarh, 31-08-2018, M,2.59,8405219,40.79
Chhattisgarh, 30-09-2018, M,22.24,8264838,50.13
Chhattisgarh, 31-10-2018, M,12.68,8502477,45.82
Chhattisgarh, 30-11-2018, M,5.51,8538469,42.43
Chhattisgarh, 31-12-2018, M,4.73,8258913,40.61
Chhattisgarh, 31-01-2019, M,7.87,8346885,42.35
Chhattisgarh, 28-02-2019, M,7.29,8719835,43.88
Chhattisgarh, 31-03-2019, M,3.71,9034510,43.67
Chhattisgarh, 30-04-2019, M,3.44,8596924,41.35
Chhattisgarh, 31-05-2019, M,9.8,8482147,43.57
Chhattisgarh, 30-06-2019, M,8.06,8800644,44.26
Chhattisgarh, 31-07-2019, M,5.48,9039059,44.11
Chhattisgarh, 31-08-2019, M,5.08,9000093,43.64
Chhattisgarh, 30-09-2019, M,8.63,8800594,44.23
Chhattisgarh, 31-10-2019, M,7.8,9340935,46.42
Chhattisgarh, 30-11-2019, M,4.23,9284214,44.32
Chhattisgarh, 31-12-2019, M,5.44,8984824,43.34
Chhattisgarh, 31-01-2020, M,9.65,8552172,43.08
Chhattisgarh, 29-02-2020, M,8.38,9195114,45.58
Chhattisgarh, 31-03-2020, M,7.54,9302317,45.59
Chhattisgarh, 30-04-2020, M,3.41,7600448,35.58
Chhattisgarh, 31-05-2020, M,10.5,6991217,35.23
Chhattisgarh, 30-06-2020, M,14.23,7332807,38.48
Chhattisgarh, 31-07-2020, M,10.27,8620294,43.14
Chhattisgarh, 31-08-2020, M,5.63,9050422,42.97
Chhattisgarh, 30-09-2020, M,1.99,9158315,41.77
Chhattisgarh, 31-10-2020, M,6.66,8589223,41.05
Chhattisgarh, 30-11-2020, M,3.38,8705350,40.1
Chhattisgarh, 31-12-2020, M,7.2,8391157,40.15
Chhattisgarh, 31-01-2021, M,6.38,8828785,41.78
Chhattisgarh, 28-02-2021, M,5.99,8882237,41.77
Chhattisgarh, 31-03-2021, M,2.69,8580167,38.89
Chhattisgarh, 30-04-2021, M,3.04,9463460,42.96
Chhattisgarh, 31-05-2021, M,8.26,9242354,44.24
Chhattisgarh, 30-06-2021, M,2.57,9485491,42.66
Delhi, 31-01-2016, M,10.61,5482637,44
Delhi, 29-02-2016, M,10.84,4829996,38.78
Delhi, 31-03-2016, M,11.05,5513829,44.26
Delhi, 30-04-2016, M,6.3,5954845,45.28
Delhi, 31-05-2016, M,17.3,5523948,47.48
Delhi, 30-06-2016, M,15.68,5029744,42.3
Delhi, 31-07-2016, M,14.31,5328709,44
Delhi, 31-08-2016, M,6.85,5926344,44.9
Delhi, 30-09-2016, M,7.75,5430342,41.45
Delhi, 31-10-2016, M,11.55,5189367,41.21
Delhi, 30-11-2016, M,11.5,5522477,43.73
Delhi, 31-12-2016, M,11.32,5667635,44.68
Delhi, 31-01-2017, M,10.76,5283788,41.3
Delhi, 28-02-2017, M,12.09,5197662,41.15
Delhi, 31-03-2017, M,10.58,5166584,40.12
Delhi, 30-04-2017, M,7.42,5623114,42.07
Delhi, 31-05-2017, M,5.28,5362886,39.13
Delhi, 30-06-2017, M,3.76,5287746,37.88
Delhi, 31-07-2017, M,3.19,5159575,36.66
Delhi, 31-08-2017, M,6.8,5333841,39.27
Delhi, 30-09-2017, M,4.45,5108559,36.6
Delhi, 31-10-2017, M,3.67,5543827,39.3
Delhi, 30-11-2017, M,2.11,5325547,37.07
Delhi, 31-12-2017, M,5.61,5466654,39.37
Delhi, 31-01-2018, M,2.24,5473606,37.97
Delhi, 28-02-2018, M,1.57,5601495,38.5
Delhi, 31-03-2018, M,3,5137138,35.75
Delhi, 30-04-2018, M,3.6,5401058,37.73
Delhi, 31-05-2018, M,8.75,5349651,39.38
Delhi, 30-06-2018, M,8.99,5380924,39.62
Delhi, 31-07-2018, M,7.51,5297063,38.29
Delhi, 31-08-2018, M,12.32,5481518,41.7
Delhi, 30-09-2018, M,12.49,5709710,43.41
Delhi, 31-10-2018, M,10,5348642,39.45
Delhi, 30-11-2018, M,12.04,5551045,41.79
Delhi, 31-12-2018, M,9.59,5900135,43.11
Delhi, 31-01-2019, M,12.18,6006259,45.07
Delhi, 28-02-2019, M,11.56,5456349,40.57
Delhi, 31-03-2019, M,13.05,5471499,41.28
Delhi, 30-04-2019, M,8.37,5615928,40.11
Delhi, 31-05-2019, M,12.32,5925960,44.12
Delhi, 30-06-2019, M,12.67,5699248,42.5
Delhi, 31-07-2019, M,14.58,5559698,42.28
Delhi, 31-08-2019, M,13.61,5687918,42.67
Delhi, 30-09-2019, M,20.38,5808310,47.16
Delhi, 31-10-2019, M,12.49,6179875,45.54
Delhi, 30-11-2019, M,15.96,5618368,43.01
Delhi, 31-12-2019, M,11.23,5864011,42.4
Delhi, 31-01-2020, M,22.23,5805284,47.79
Delhi, 29-02-2020, M,14.84,5856307,43.92
Delhi, 31-03-2020, M,17.04,5553805,42.65
Delhi, 30-04-2020, M,16.68,3119274,23.8
Delhi, 31-05-2020, M,42.27,2632404,28.91
Delhi, 30-06-2020, M,18.19,4418914,34.17
Delhi, 31-07-2020, M,20.3,4291053,33.97
Delhi, 31-08-2020, M,13.79,4850107,35.41
Delhi, 30-09-2020, M,12.53,4958373,35.59
Delhi, 31-10-2020, M,6.27,4842698,32.36
Delhi, 30-11-2020, M,6.57,5058039,33.83
Delhi, 31-12-2020, M,7.56,5341068,36.01
Delhi, 31-01-2021, M,12.51,5157974,36.65
Delhi, 28-02-2021, M,7.99,5176344,34.9
Delhi, 31-03-2021, M,9.41,5123006,35
Delhi, 30-04-2021, M,27.32,4160172,35.33
Delhi, 31-05-2021, M,45.56,2879334,32.56
Delhi, 30-06-2021, M,8.8,5089957,34.28
Goa, 31-01-2016, M,12.31,597685,56.13
Goa, 29-02-2016, M,10.75,582685,53.71
Goa, 31-03-2016, M,5.11,615303,53.29
Goa, 31-05-2016, M,16.04,590215,57.64
Goa, 30-06-2016, M,13.91,586814,55.83
Goa, 31-07-2016, M,5.25,623983,53.88
Goa, 31-08-2016, M,10.74,595317,54.51
Goa, 30-09-2016, M,13.28,616178,58.01
Goa, 31-10-2016, M,12,589874,54.66
Goa, 30-11-2016, M,9.73,603695,54.48
Goa, 31-12-2016, M,8.34,608771,54.04
Goa, 31-01-2017, M,12.24,620518,57.46
Goa, 28-02-2017, M,12.38,592760,54.93
Goa, 31-03-2017, M,8.55,603215,53.49
Goa, 30-04-2017, M,5.89,589160,50.72
Goa, 31-05-2017, M,9.89,622399,55.9
Goa, 30-06-2017, M,9.27,584881,52.11
Goa, 31-07-2017, M,3.95,590560,49.65
Goa, 31-08-2017, M,7.65,593907,51.87
Goa, 30-09-2017, M,6.67,602667,52.03
Goa, 31-10-2017, M,8.6,571857,50.35
Goa, 30-11-2017, M,2.83,588479,48.69
Goa, 31-12-2017, M,4.49,615914,51.78
Goa, 31-01-2018, M,4.97,567631,47.91
Goa, 28-02-2018, M,6.35,543703,46.53
Goa, 31-03-2018, M,3.33,594836,49.25
Goa, 30-04-2018, M,6,597612,50.83
Goa, 31-05-2018, M,3.25,583684,48.18
Goa, 30-06-2018, M,4.84,544876,45.68
Goa, 31-07-2018, M,3.8,579230,47.99
Goa, 31-08-2018, M,6.82,578404,49.41
Goa, 30-09-2018, M,4.11,563538,46.73
Goa, 31-10-2018, M,5.07,540168,45.19
Goa, 30-11-2018, M,2.14,552106,44.76
Goa, 31-12-2018, M,7.17,574795,49.07
Goa, 31-01-2019, M,7.45,481283,41.17
Goa, 28-02-2019, M,7.08,475535,40.47
Goa, 31-03-2019, M,8.87,463645,40.19
Goa, 30-04-2019, M,9.3,509668,44.34
Goa, 31-05-2019, M,2.82,444196,36.03
Goa, 30-06-2019, M,10.66,474485,41.81
Goa, 31-07-2019, M,11.8,447804,39.93
Goa, 31-08-2019, M,3.67,426879,34.81
Goa, 30-09-2019, M,3.53,458583,37.3
Goa, 31-10-2019, M,10.44,467704,40.93
Goa, 30-11-2019, M,24.66,431101,44.8
Goa, 31-12-2019, M,11.8,465309,41.26
Goa, 31-01-2020, M,8.89,416750,35.73
Goa, 29-02-2020, M,2.81,478068,38.38
Goa, 31-03-2020, M,5.25,411761,33.88
Goa, 30-04-2020, M,13.31,500614,44.97
Goa, 31-05-2020, M,21.25,378244,37.36
Goa, 30-06-2020, M,9.96,489111,42.21
Goa, 31-07-2020, M,17.07,458876,42.94
Goa, 31-08-2020, M,16.21,473016,43.76
Goa, 30-09-2020, M,15.38,425004,38.89
Goa, 31-10-2020, M,10.95,388583,33.75
Goa, 30-11-2020, M,15.88,376472,34.58
Goa, 31-12-2020, M,13.2,439150,39.05
Goa, 31-01-2021, M,16.01,424096,38.93
Goa, 28-02-2021, M,20.58,438421,42.51
Goa, 31-03-2021, M,22.08,393170,38.81
Goa, 30-04-2021, M,25.73,366499,37.92
Goa, 31-05-2021, M,20.58,451417,43.62
Goa, 30-06-2021, M,17.74,404381,37.69
Gujarat, 31-01-2016, M,3.44,21488124,46.35
Gujarat, 29-02-2016, M,4.12,21120270,45.8
Gujarat, 31-03-2016, M,4.07,21774339,47.1
Gujarat, 30-04-2016, M,3.3,22470289,48.13
Gujarat, 31-05-2016, M,2.63,23071104,48.98
Gujarat, 30-06-2016, M,2.92,21713869,46.15
Gujarat, 31-07-2016, M,2.68,22310023,47.21
Gujarat, 31-08-2016, M,1.38,21965447,45.78
Gujarat, 30-09-2016, M,2,22685230,47.48
Gujarat, 31-10-2016, M,1.28,22966016,47.63
Gujarat, 30-11-2016, M,2.2,22639797,47.3
Gujarat, 31-12-2016, M,5.04,21905325,47.04
Gujarat, 31-01-2017, M,1.98,22728175,47.19
Gujarat, 28-02-2017, M,1.33,22336849,45.99
Gujarat, 31-03-2017, M,4.28,21651839,45.87
Gujarat, 30-04-2017, M,3.66,21957451,46.13
Gujarat, 31-05-2017, M,1.95,21823962,44.96
Gujarat, 30-06-2017, M,2.86,22108034,45.89
Gujarat, 31-07-2017, M,3.55,21408478,44.66
Gujarat, 31-08-2017, M,2.57,22329321,46.02
Gujarat, 30-09-2017, M,3.87,21125763,44.05
Gujarat, 31-10-2017, M,5.4,21666730,45.82
Gujarat, 30-11-2017, M,2.8,22428715,46.08
Gujarat, 31-12-2017, M,1.36,22667259,45.79
Gujarat, 31-01-2018, M,2.93,21445588,43.94
Gujarat, 28-02-2018, M,9.53,21756349,47.74
Gujarat, 31-03-2018, M,4.73,22601847,47.01
Gujarat, 30-04-2018, M,4.98,22884860,47.63
Gujarat, 31-05-2018, M,5.06,20769407,43.18
Gujarat, 30-06-2018, M,6.47,21502364,45.29
Gujarat, 31-07-2018, M,4.54,22738160,46.83
Gujarat, 31-08-2018, M,3.58,23304754,47.43
Gujarat, 30-09-2018, M,4.34,22015881,45.08
Gujarat, 31-10-2018, M,7.4,22389433,47.26
Gujarat, 30-11-2018, M,5.09,23778766,48.88
Gujarat, 31-12-2018, M,3.66,23705055,47.91
Gujarat, 31-01-2019, M,5.8,23754560,49
Gujarat, 28-02-2019, M,5.54,23789056,48.86
Gujarat, 31-03-2019, M,4.53,24364847,49.41
Gujarat, 30-04-2019, M,3,24177961,48.16
Gujarat, 31-05-2019, M,3.38,23641286,47.19
Gujarat, 30-06-2019, M,5.45,23344240,47.52
Gujarat, 31-07-2019, M,4.81,24155108,48.75
Gujarat, 31-08-2019, M,3.92,23735498,47.36
Gujarat, 30-09-2019, M,6.15,22889629,46.67
Gujarat, 31-10-2019, M,5.15,24302741,48.93
Gujarat, 30-11-2019, M,5.86,24383939,49.37
Gujarat, 31-12-2019, M,4.42,24050638,47.87
Gujarat, 31-01-2020, M,5.54,24126346,48.49
Gujarat, 29-02-2020, M,6.38,24757795,50.11
Gujarat, 31-03-2020, M,6.66,23566641,47.75
Gujarat, 30-04-2020, M,18.71,15288878,35.5
Gujarat, 31-05-2020, M,12.11,17836936,38.23
Gujarat, 30-06-2020, M,3.2,23657055,45.96
Gujarat, 31-07-2020, M,1.84,24276120,46.41
Gujarat, 31-08-2020, M,1.87,22817232,43.55
Gujarat, 30-09-2020, M,3.41,24978668,48.34
Gujarat, 31-10-2020, M,4.03,25970259,50.49
Gujarat, 30-11-2020, M,3.86,24161076,46.79
Gujarat, 31-12-2020, M,3.05,21483898,41.18
Gujarat, 31-01-2021, M,3.19,24009720,46
Gujarat, 28-02-2021, M,3.17,24070070,46.02
Gujarat, 31-03-2021, M,2.16,24357415,46
Gujarat, 30-04-2021, M,1.77,24320086,45.66
Gujarat, 31-05-2021, M,2.34,24179141,45.57
Gujarat, 30-06-2021, M,1.79,24842134,46.46
Haryana, 31-01-2016, M,14.82,7990833,46.62
Haryana, 29-02-2016, M,11.83,7984203,44.91
Haryana, 31-03-2016, M,10.4,8061205,44.53
Haryana, 30-04-2016, M,13.57,7932826,45.33
Haryana, 31-05-2016, M,10.78,8213227,45.36
Haryana, 30-06-2016, M,11.67,7666571,42.68
Haryana, 31-07-2016, M,9.54,7652062,41.51
Haryana, 31-08-2016, M,14.5,7907110,45.29
Haryana, 30-09-2016, M,6.67,8100227,42.41
Haryana, 31-10-2016, M,9.77,7837746,42.35
Haryana, 30-11-2016, M,7.22,7818449,41
Haryana, 31-12-2016, M,15.38,7361348,42.24
Haryana, 31-01-2017, M,7.23,7809719,40.79
Haryana, 28-02-2017, M,8.11,7801926,41.06
Haryana, 31-03-2017, M,3.41,7360173,36.77
Haryana, 30-04-2017, M,2.04,7179748,35.29
Haryana, 31-05-2017, M,2.71,7574585,37.41
Haryana, 30-06-2017, M,4.2,7714861,38.61
Haryana, 31-07-2017, M,5.51,7325990,37.1
Haryana, 31-08-2017, M,1.76,7373641,35.84
Haryana, 30-09-2017, M,12.3,7950912,43.2
Haryana, 31-10-2017, M,14.32,7838315,43.49
Haryana, 30-11-2017, M,13.96,7482687,41.26
Haryana, 31-12-2017, M,19.57,7430980,43.74
Haryana, 31-01-2018, M,13.21,7813868,42.53
Haryana, 28-02-2018, M,15.52,7650882,42.7
Haryana, 31-03-2018, M,12.76,7369184,39.74
Haryana, 30-04-2018, M,21.41,7269591,43.43
Haryana, 31-05-2018, M,15.21,7615814,42.08
Haryana, 30-06-2018, M,16.67,7656500,42.96
Haryana, 31-07-2018, M,14.93,7383964,40.49
Haryana, 31-08-2018, M,23.14,7337554,44.44
Haryana, 30-09-2018, M,17.21,7722620,43.33
Haryana, 31-10-2018, M,18.7,7774535,44.33
Haryana, 30-11-2018, M,18.97,7185680,41.02
Haryana, 31-12-2018, M,24.51,7237817,44.26
Haryana, 31-01-2019, M,17.89,7695203,43.17
Haryana, 28-02-2019, M,21.29,7579380,44.27
Haryana, 31-03-2019, M,18.99,7112728,40.27
Haryana, 30-04-2019, M,26.39,7120484,44.28
Haryana, 31-05-2019, M,18.27,7942782,44.39
Haryana, 30-06-2019, M,22.1,7590368,44.41
Haryana, 31-07-2019, M,19.53,7232533,40.88
Haryana, 31-08-2019, M,28.68,7081312,45.06
Haryana, 30-09-2019, M,20.19,7815959,44.35
Haryana, 31-10-2019, M,23.04,7620290,44.75
Haryana, 30-11-2019, M,20.36,7280003,41.23
Haryana, 31-12-2019, M,27.56,7152316,44.43
Haryana, 31-01-2020, M,20.34,7693231,43.36
Haryana, 29-02-2020, M,25.77,7322942,44.21
Haryana, 31-03-2020, M,25.05,6641555,39.63
Haryana, 30-04-2020, M,43.22,5647630,44.38
Haryana, 31-05-2020, M,29.02,6437868,40.39
Haryana, 30-06-2020, M,26.7,6951934,42.14
Haryana, 31-07-2020, M,24.18,6800652,39.77
Haryana, 31-08-2020, M,33.5,7113788,47.32
Haryana, 30-09-2020, M,19.33,7190435,39.35
Haryana, 31-10-2020, M,27.32,6686733,40.53
Haryana, 30-11-2020, M,25.61,7054038,41.68
Haryana, 31-12-2020, M,32.49,6723049,43.69
Haryana, 31-01-2021, M,17.65,7510342,39.92
Haryana, 28-02-2021, M,26.31,6808544,40.36
Haryana, 31-03-2021, M,27.58,7255469,43.67
Haryana, 30-04-2021, M,35.13,6860556,46
Haryana, 31-05-2021, M,29.05,6469858,39.58
Haryana, 30-06-2021, M,27.85,6770821,40.65
Himachal Pradesh, 31-01-2016, M,3.16,2252583,41.6
Himachal Pradesh, 29-02-2016, M,3.32,2220379,41.01
Himachal Pradesh, 31-03-2016, M,5.54,2335451,44.08
Himachal Pradesh, 30-04-2016, M,4.24,1982465,36.85
Himachal Pradesh, 31-05-2016, M,4.11,2279919,42.25
Himachal Pradesh, 30-06-2016, M,1.38,2270199,40.84
Himachal Pradesh, 31-07-2016, M,9.83,2254133,44.28
Himachal Pradesh, 31-08-2016, M,4.32,2083962,38.51
Himachal Pradesh, 30-09-2016, M,1.84,2313262,41.6
Himachal Pradesh, 31-10-2016, M,0.92,2266757,40.32
Himachal Pradesh, 30-11-2016, M,4.17,2328150,42.75
Himachal Pradesh, 31-12-2016, M,1.74,2285976,40.87
Himachal Pradesh, 31-01-2017, M,1.72,2366775,42.24
Himachal Pradesh, 28-02-2017, M,2.66,2325936,41.84
Himachal Pradesh, 31-03-2017, M,3.28,2462377,44.51
Himachal Pradesh, 30-04-2017, M,0.49,2293658,40.23
Himachal Pradesh, 31-05-2017, M,1.85,2360892,41.92
Himachal Pradesh, 30-06-2017, M,1.55,2324493,41.08
Himachal Pradesh, 31-07-2017, M,2.89,2256791,40.37
Himachal Pradesh, 31-08-2017, M,1.24,2325795,40.84
Himachal Pradesh, 30-09-2017, M,4.5,2363416,42.85
Himachal Pradesh, 31-10-2017, M,5.37,2270250,41.47
Himachal Pradesh, 30-11-2017, M,14.53,2366020,47.77
Himachal Pradesh, 31-12-2017, M,12.13,2347641,46.03
Himachal Pradesh, 31-01-2018, M,11.8,2277679,44.42
Himachal Pradesh, 28-02-2018, M,9.64,2179385,41.42
Himachal Pradesh, 31-03-2018, M,15.32,2241281,45.38
Himachal Pradesh, 30-04-2018, M,17.49,2267885,47.05
Himachal Pradesh, 31-05-2018, M,13.16,2280143,44.88
Himachal Pradesh, 30-06-2018, M,11.79,2181723,42.2
Himachal Pradesh, 31-07-2018, M,17.8,2189794,45.38
Himachal Pradesh, 31-08-2018, M,17.33,2242645,46.14
Himachal Pradesh, 30-09-2018, M,14.01,2334024,46.09
Himachal Pradesh, 31-10-2018, M,13.11,2216312,43.24
Himachal Pradesh, 30-11-2018, M,19.09,2327363,48.68
Himachal Pradesh, 31-12-2018, M,18.82,2243346,46.69
Himachal Pradesh, 31-01-2019, M,13.89,2298753,45.03
Himachal Pradesh, 28-02-2019, M,13.82,2226496,43.51
Himachal Pradesh, 31-03-2019, M,18.79,2183648,45.22
Himachal Pradesh, 30-04-2019, M,19.64,2216624,46.31
Himachal Pradesh, 31-05-2019, M,13.38,2291429,44.34
Himachal Pradesh, 30-06-2019, M,12.63,2194657,42.03
Himachal Pradesh, 31-07-2019, M,20.69,2152718,45.35
Himachal Pradesh, 31-08-2019, M,19.24,2205562,45.55
Himachal Pradesh, 30-09-2019, M,15.57,2287014,45.11
Himachal Pradesh, 31-10-2019, M,16.74,2179279,43.51
Himachal Pradesh, 30-11-2019, M,23.34,2257438,48.87
Himachal Pradesh, 31-12-2019, M,20.16,2164186,44.91
Himachal Pradesh, 31-01-2020, M,16.83,2287632,45.5
Himachal Pradesh, 29-02-2020, M,16.84,2180268,43.3
Himachal Pradesh, 31-03-2020, M,18.76,2021858,41.04
Himachal Pradesh, 30-04-2020, M,2.2,1131128,19.04
Himachal Pradesh, 31-05-2020, M,26.95,1897639,42.7
Himachal Pradesh, 30-06-2020, M,13.47,2199683,41.72
Himachal Pradesh, 31-07-2020, M,24.31,2229456,48.25
Himachal Pradesh, 31-08-2020, M,15.79,2029740,39.42
Himachal Pradesh, 30-09-2020, M,11.41,2240699,41.3
Himachal Pradesh, 31-10-2020, M,13.46,2123965,40.01
Himachal Pradesh, 30-11-2020, M,15.86,1968783,38.08
Himachal Pradesh, 31-12-2020, M,7.86,2174653,38.35
Himachal Pradesh, 31-01-2021, M,11.55,2248174,41.23
Himachal Pradesh, 28-02-2021, M,15.57,2075852,39.83
Himachal Pradesh, 31-03-2021, M,14.24,1927818,36.35
Himachal Pradesh, 30-04-2021, M,11.06,2000101,36.31
Himachal Pradesh, 31-05-2021, M,7.78,2228549,38.95
Himachal Pradesh, 30-06-2021, M,16.28,1941490,37.32
Jammu & Kashmir, 31-01-2016, M,12.31,3377251,41.1
Jammu & Kashmir, 29-02-2016, M,17.97,3197946,41.52
Jammu & Kashmir, 31-03-2016, M,13.8,3393838,41.84
Jammu & Kashmir, 30-04-2016, M,10.49,3720119,44.08
Jammu & Kashmir, 31-05-2016, M,22.02,3330402,45.2
Jammu & Kashmir, 30-06-2016, M,21.3,3301976,44.31
Jammu & Kashmir, 31-07-2016, M,18.23,3307119,42.62
Jammu & Kashmir, 31-08-2016, M,24.04,3773961,52.25
Jammu & Kashmir, 30-09-2016, M,25.31,3249418,45.65
Jammu & Kashmir, 31-10-2016, M,26.32,2966999,42.17
Jammu & Kashmir, 30-11-2016, M,29.92,3181288,47.44
Jammu & Kashmir, 31-12-2016, M,21.34,3865037,51.24
Jammu & Kashmir, 31-01-2017, M,21.7,3225601,42.86
Jammu & Kashmir, 28-02-2017, M,9.46,3335125,38.26
Jammu & Kashmir, 31-03-2017, M,17.69,3563228,44.86
Jammu & Kashmir, 30-04-2017, M,17.05,3770892,47.01
Jammu & Kashmir, 31-05-2017, M,10.16,3181602,36.55
Jammu & Kashmir, 30-06-2017, M,11.86,3503726,40.94
Jammu & Kashmir, 31-07-2017, M,7.57,3208853,35.67
Jammu & Kashmir, 31-08-2017, M,7.33,3773189,41.75
Jammu & Kashmir, 30-09-2017, M,12.56,3548680,41.53
Jammu & Kashmir, 31-10-2017, M,12.8,3565494,41.75
Jammu & Kashmir, 30-11-2017, M,12.93,3598156,42.11
Jammu & Kashmir, 31-12-2017, M,13.96,3730554,44.08
Jammu & Kashmir, 31-01-2018, M,9.97,3583828,40.39
Jammu & Kashmir, 28-02-2018, M,15.13,3421905,40.83
Jammu & Kashmir, 31-03-2018, M,14,3645677,42.83
Jammu & Kashmir, 30-04-2018, M,10.7,3795073,42.85
Jammu & Kashmir, 31-05-2018, M,9.67,3637496,40.52
Jammu & Kashmir, 30-06-2018, M,13.16,3412005,39.45
Jammu & Kashmir, 31-07-2018, M,10.04,3627060,40.4
Jammu & Kashmir, 31-08-2018, M,7.95,3762614,40.87
Jammu & Kashmir, 30-09-2018, M,13.21,3551156,40.82
Jammu & Kashmir, 31-10-2018, M,14.58,3277483,38.2
Jammu & Kashmir, 30-11-2018, M,11.15,3529595,39.47
Jammu & Kashmir, 31-12-2018, M,9.08,3675581,40.08
Jammu & Kashmir, 31-01-2019, M,17.1,3596568,42.92
Jammu & Kashmir, 28-02-2019, M,15.23,3482740,40.56
Jammu & Kashmir, 31-03-2019, M,15.15,3711176,43.09
Jammu & Kashmir, 30-04-2019, M,10.62,3894195,42.84
Jammu & Kashmir, 31-05-2019, M,16.26,3625325,42.47
Jammu & Kashmir, 30-06-2019, M,14.74,3563557,40.92
Jammu & Kashmir, 31-07-2019, M,16.34,3733085,43.59
Jammu & Kashmir, 31-08-2019, M,22.45,3411463,42.88
Jammu & Kashmir, 30-09-2019, M,19.87,3365012,40.85
Jammu & Kashmir, 31-10-2019, M,20.73,3506707,42.94
Jammu & Kashmir, 30-11-2019, M,14.58,3642517,41.31
Jammu & Kashmir, 31-12-2019, M,12.48,4574768,50.52
Jammu & Kashmir, 31-01-2020, M,21.08,3453025,42.2
Jammu & Kashmir, 29-02-2020, M,20.78,3223513,39.17
Jammu & Kashmir, 31-03-2020, M,15.5,3359107,38.18
Jammu & Kashmir, 31-05-2020, M,18.74,3246493,38.21
Jammu & Kashmir, 30-06-2020, M,17.92,3202336,37.24
Jammu & Kashmir, 31-07-2020, M,10.88,3558889,38.03
Jammu & Kashmir, 31-08-2020, M,11.09,3429950,36.66
Jammu & Kashmir, 30-09-2020, M,16.17,3210281,36.31
Jammu & Kashmir, 31-10-2020, M,16.14,3106691,35.05
Jammu & Kashmir, 30-11-2020, M,8.55,3105513,32.07
Jammu & Kashmir, 31-12-2020, M,16.61,3333288,37.67
Jammu & Kashmir, 31-01-2021, M,21.9,3308895,39.83
Jammu & Kashmir, 28-02-2021, M,14.21,3075564,33.64
Jammu & Kashmir, 31-03-2021, M,9.53,2994081,30.99
Jammu & Kashmir, 30-04-2021, M,11.45,3578310,37.76
Jammu & Kashmir, 31-05-2021, M,12.06,3495054,37.06
Jammu & Kashmir, 30-06-2021, M,10.57,3273797,34.06
Jharkhand, 31-01-2016, M,13.05,8064211,38.75
Jharkhand, 29-02-2016, M,11.13,9382717,44.02
Jharkhand, 31-03-2016, M,8.97,8987924,41.07
Jharkhand, 30-04-2016, M,7.97,10355816,46.71
Jharkhand, 31-05-2016, M,11.16,8368601,39.01
Jharkhand, 30-06-2016, M,9.64,9580041,43.82
Jharkhand, 31-07-2016, M,6.08,9417859,41.35
Jharkhand, 31-08-2016, M,9.35,10026004,45.51
Jharkhand, 30-09-2016, M,6.58,9460358,41.58
Jharkhand, 31-10-2016, M,3.8,9748705,41.51
Jharkhand, 30-11-2016, M,3.69,9700161,41.17
Jharkhand, 31-12-2016, M,1.88,10190898,42.36
Jharkhand, 31-01-2017, M,3.5,9499090,40.06
Jharkhand, 28-02-2017, M,2.98,9614157,40.25
Jharkhand, 31-03-2017, M,1.66,9504776,39.17
Jharkhand, 30-04-2017, M,1.58,9908475,40.71
Jharkhand, 31-05-2017, M,2.41,9573732,39.58
Jharkhand, 30-06-2017, M,4.34,9788865,41.2
Jharkhand, 31-07-2017, M,1.58,9133860,37.28
Jharkhand, 31-08-2017, M,3.26,9650850,39.99
Jharkhand, 30-09-2017, M,8.51,9575924,41.86
Jharkhand, 31-10-2017, M,8.24,9721064,42.28
Jharkhand, 30-11-2017, M,7.06,9193133,39.39
Jharkhand, 31-12-2017, M,8.35,9572381,41.5
Jharkhand, 31-01-2018, M,6.42,9545848,40.44
Jharkhand, 28-02-2018, M,6.97,9813756,41.74
Jharkhand, 31-03-2018, M,7.82,9309075,39.87
Jharkhand, 30-04-2018, M,10.73,9270173,40.91
Jharkhand, 31-05-2018, M,9.52,9546415,41.47
Jharkhand, 30-06-2018, M,7.98,9648983,41.13
Jharkhand, 31-07-2018, M,10.62,9319492,40.8
Jharkhand, 31-08-2018, M,9.6,9368066,40.46
Jharkhand, 30-09-2018, M,8.5,9542917,40.63
Jharkhand, 31-10-2018, M,7.79,9872147,41.62
Jharkhand, 30-11-2018, M,10.41,9276203,40.17
Jharkhand, 31-12-2018, M,11.56,9318697,40.78
Jharkhand, 31-01-2019, M,9.05,9492973,40.31
Jharkhand, 28-02-2019, M,6.88,9992862,41.36
Jharkhand, 31-03-2019, M,13.58,9188910,40.89
Jharkhand, 30-04-2019, M,12.23,9570966,41.84
Jharkhand, 31-05-2019, M,9.92,9439796,40.12
Jharkhand, 30-06-2019, M,11.69,9646693,41.74
Jharkhand, 31-07-2019, M,11.53,9392979,40.47
Jharkhand, 31-08-2019, M,14.26,9350763,41.48
Jharkhand, 30-09-2019, M,10.31,10030750,42.45
Jharkhand, 31-10-2019, M,9.92,10221435,42.97
Jharkhand, 30-11-2019, M,10.57,9703914,41
Jharkhand, 31-12-2019, M,16.98,9163609,41.62
Jharkhand, 31-01-2020, M,10.61,10198029,42.92
Jharkhand, 29-02-2020, M,11.85,10425425,44.4
Jharkhand, 31-03-2020, M,8.23,9638115,39.34
Jharkhand, 30-04-2020, M,47.09,5335262,37.69
Jharkhand, 31-05-2020, M,59.23,4145385,37.92
Jharkhand, 30-06-2020, M,20.95,8622722,40.59
Jharkhand, 31-07-2020, M,7.63,9521900,38.27
Jharkhand, 31-08-2020, M,9.76,9331640,38.31
Jharkhand, 30-09-2020, M,9.28,9980378,40.67
Jharkhand, 31-10-2020, M,11.8,10302276,43.08
Jharkhand, 30-11-2020, M,9.54,9574705,38.96
Jharkhand, 31-12-2020, M,12.4,9652716,40.47
Jharkhand, 31-01-2021, M,11.31,10005873,41.34
Jharkhand, 28-02-2021, M,12.17,10198512,42.46
Jharkhand, 31-03-2021, M,12.75,9655793,40.38
Jharkhand, 30-04-2021, M,16.48,9559528,41.67
Jharkhand, 31-05-2021, M,15.96,9288715,40.15
Jharkhand, 30-06-2021, M,12.79,10741398,44.65
Karnataka, 31-01-2016, M,6.38,23141471,49.05
Karnataka, 29-02-2016, M,5.27,22647222,47.35
Karnataka, 31-03-2016, M,3.26,22105452,45.17
Karnataka, 30-04-2016, M,4.94,22235918,46.15
Karnataka, 31-05-2016, M,11.49,23357728,51.96
Karnataka, 30-06-2016, M,3.07,23269877,47.18
Karnataka, 31-07-2016, M,3.07,23578258,47.71
Karnataka, 31-08-2016, M,4.07,23009464,46.95
Karnataka, 30-09-2016, M,5.45,25360227,52.4
Karnataka, 31-10-2016, M,5.83,24243552,50.2
Karnataka, 30-11-2016, M,5.91,22858956,47.28
Karnataka, 31-12-2016, M,4.61,24786846,50.46
Karnataka, 31-01-2017, M,6.66,25020405,51.96
Karnataka, 28-02-2017, M,5.21,24378353,49.76
Karnataka, 31-03-2017, M,3.09,22519245,44.87
Karnataka, 30-04-2017, M,1.35,24775272,48.4
Karnataka, 31-05-2017, M,1.32,24589723,47.93
Karnataka, 30-06-2017, M,1.27,23376442,45.46
Karnataka, 31-07-2017, M,1.34,22164647,43.04
Karnataka, 31-08-2017, M,1.04,25540685,49.35
Karnataka, 30-09-2017, M,1.82,24088961,46.83
Karnataka, 31-10-2017, M,1.27,24517534,47.3
Karnataka, 30-11-2017, M,1.39,23710131,45.71
Karnataka, 31-12-2017, M,2.63,23302782,45.4
Karnataka, 31-01-2018, M,1.79,24678751,47.58
Karnataka, 28-02-2018, M,3.32,23921489,46.76
Karnataka, 31-03-2018, M,3.97,22842923,44.87
Karnataka, 30-04-2018, M,2.28,23084607,44.47
Karnataka, 31-05-2018, M,1.64,24285788,46.39
Karnataka, 30-06-2018, M,2.87,24102028,46.53
Karnataka, 31-07-2018, M,2.36,22160737,42.47
Karnataka, 31-08-2018, M,1.46,22673269,42.97
Karnataka, 30-09-2018, M,1.21,23461519,44.27
Karnataka, 31-10-2018, M,2.11,23126629,43.95
Karnataka, 30-11-2018, M,1.48,21787403,41.06
Karnataka, 31-12-2018, M,1.22,21631436,40.58
Karnataka, 31-01-2019, M,1.49,23072967,43.32
Karnataka, 28-02-2019, M,2,22550688,42.48
Karnataka, 31-03-2019, M,1.29,20755789,38.74
Karnataka, 30-04-2019, M,0.53,21180297,39.15
Karnataka, 31-05-2019, M,5.88,22549687,43.96
Karnataka, 30-06-2019, M,5.58,21750997,42.19
Karnataka, 31-07-2019, M,1.26,20907836,38.7
Karnataka, 31-08-2019, M,0.74,21300805,39.14
Karnataka, 30-09-2019, M,3.31,22397436,42.17
Karnataka, 31-10-2019, M,5.83,21602775,41.68
Karnataka, 30-11-2019, M,2.16,20151048,37.35
Karnataka, 31-12-2019, M,0.88,21348507,38.98
Karnataka, 31-01-2020, M,2.86,22688028,42.18
Karnataka, 29-02-2020, M,3.61,21677719,40.54
Karnataka, 31-03-2020, M,3.46,22079653,41.14
Karnataka, 30-04-2020, M,29.84,16718395,42.78
Karnataka, 31-05-2020, M,19.97,19397853,43.43
Karnataka, 30-06-2020, M,8.44,24215057,47.29
Karnataka, 31-07-2020, M,4.01,22885616,42.55
Karnataka, 31-08-2020, M,0.5,24094289,43.13
Karnataka, 30-09-2020, M,2.4,20131894,36.67
Karnataka, 31-10-2020, M,1.58,22349602,40.28
Karnataka, 30-11-2020, M,1.86,21714939,39.18
Karnataka, 31-12-2020, M,1.39,22393716,40.13
Karnataka, 31-01-2021, M,3.28,21869339,39.87
Karnataka, 28-02-2021, M,2.5,22537746,40.69
Karnataka, 31-03-2021, M,1.16,21854018,38.84
Karnataka, 30-04-2021, M,2.03,23110478,41.36
Karnataka, 31-05-2021, M,5.29,23597706,43.59
Karnataka, 30-06-2021, M,5.57,22977913,42.49
Kerala, 31-01-2016, M,18.4,10188518,46.3
Kerala, 29-02-2016, M,23.53,10223651,49.54
Kerala, 31-03-2016, M,22.91,9605152,46.12
Kerala, 30-04-2016, M,18.38,10078897,45.67
Kerala, 31-05-2016, M,11.96,10320728,43.32
Kerala, 30-06-2016, M,10.34,10135488,41.73
Kerala, 31-07-2016, M,13.57,9893670,42.22
Kerala, 31-08-2016, M,16.2,10322068,45.39
Kerala, 30-09-2016, M,5.82,10314303,40.32
Kerala, 31-10-2016, M,5.13,10626380,41.2
Kerala, 30-11-2016, M,16.85,9526044,42.1
Kerala, 31-12-2016, M,19.46,9983172,45.51
Kerala, 31-01-2017, M,12.28,10248227,42.85
Kerala, 28-02-2017, M,10.15,10257733,41.84
Kerala, 31-03-2017, M,12.15,9909110,41.3
Kerala, 30-04-2017, M,6.23,9884149,38.56
Kerala, 31-05-2017, M,7.82,9639045,38.22
Kerala, 30-06-2017, M,7.01,9881536,38.8
Kerala, 31-07-2017, M,8.28,9474521,37.68
Kerala, 31-08-2017, M,6.01,9962805,38.63
Kerala, 30-09-2017, M,4.37,9643099,36.72
Kerala, 31-10-2017, M,10.44,10057625,40.86
Kerala, 30-11-2017, M,10.97,9365767,38.24
Kerala, 31-12-2017, M,11.21,9690563,39.63
Kerala, 31-01-2018, M,6.88,9683946,37.73
Kerala, 28-02-2018, M,8.27,10235045,40.44
Kerala, 31-03-2018, M,9.8,9504738,38.16
Kerala, 30-04-2018, M,6.67,9749554,37.79
Kerala, 31-05-2018, M,5.67,9778798,37.47
Kerala, 30-06-2018, M,8.9,10146010,40.22
Kerala, 31-07-2018, M,7.22,9596346,37.32
Kerala, 31-08-2018, M,10.41,7768045,31.26
Kerala, 30-09-2018, M,4.26,9789238,36.82
Kerala, 31-10-2018, M,7.22,10013232,38.83
Kerala, 30-11-2018, M,6.26,9229128,35.39
Kerala, 31-12-2018, M,8.26,9370914,36.69
Kerala, 31-01-2019, M,6.62,9860216,37.89
Kerala, 28-02-2019, M,7.41,10137150,39.25
Kerala, 31-03-2019, M,6.41,8985355,34.39
Kerala, 30-04-2019, M,8.79,9626201,37.77
Kerala, 31-05-2019, M,6.39,9790265,37.39
Kerala, 30-06-2019, M,7.95,10283997,39.91
Kerala, 31-07-2019, M,6.18,8960603,34.08
Kerala, 31-08-2019, M,9.13,9682099,37.99
Kerala, 30-09-2019, M,5.43,10041141,37.82
Kerala, 31-10-2019, M,7.41,9973336,38.33
Kerala, 30-11-2019, M,5.81,8620674,32.54
Kerala, 31-12-2019, M,9.19,9506092,37.18
Kerala, 31-01-2020, M,5.31,9904534,37.12
Kerala, 29-02-2020, M,7.6,9828023,37.71
Kerala, 31-03-2020, M,8.99,8221728,32
Kerala, 30-04-2020, M,16.99,3933276,16.77
Kerala, 31-05-2020, M,17.88,7921962,34.11
Kerala, 30-06-2020, M,9.71,9228268,36.11
Kerala, 31-07-2020, M,7.09,9504420,36.1
Kerala, 31-08-2020, M,10.98,9031944,35.78
Kerala, 30-09-2020, M,5.91,9240913,34.6
Kerala, 31-10-2020, M,3.88,9152881,33.52
Kerala, 30-11-2020, M,5.83,8472442,31.64
Kerala, 31-12-2020, M,6.45,9556138,35.89
Kerala, 31-01-2021, M,5.46,9264917,34.39
Kerala, 28-02-2021, M,4.3,9336761,34.21
Kerala, 31-03-2021, M,5.9,8804500,32.78
Kerala, 30-04-2021, M,7.52,9603392,36.35
Kerala, 31-05-2021, M,23.52,7458637,34.1
Kerala, 30-06-2021, M,15.77,7752486,32.16
Madhya Pradesh, 31-01-2016, M,4.07,25565126,48.6
Madhya Pradesh, 29-02-2016, M,4.36,21964907,41.79
Madhya Pradesh, 31-03-2016, M,6.62,20672491,40.2
Madhya Pradesh, 30-04-2016, M,8.73,21505008,42.69
Madhya Pradesh, 31-05-2016, M,6.63,25480320,49.33
Madhya Pradesh, 30-06-2016, M,2.86,22389513,41.58
Madhya Pradesh, 31-07-2016, M,11.82,20296986,41.43
Madhya Pradesh, 31-08-2016, M,9.97,20877809,41.65
Madhya Pradesh, 30-09-2016, M,7.06,24055017,46.39
Madhya Pradesh, 31-10-2016, M,5.31,23537779,44.45
Madhya Pradesh, 30-11-2016, M,7.96,20697502,40.12
Madhya Pradesh, 31-12-2016, M,3.38,21180110,39.03
Madhya Pradesh, 31-01-2017, M,3.52,23428418,43.14
Madhya Pradesh, 28-02-2017, M,3.41,23576557,43.27
Madhya Pradesh, 31-03-2017, M,4.88,22914026,42.61
Madhya Pradesh, 30-04-2017, M,2.31,20990867,37.93
Madhya Pradesh, 31-05-2017, M,2.02,23569924,42.37
Madhya Pradesh, 30-06-2017, M,1.54,24586573,43.88
Madhya Pradesh, 31-07-2017, M,1.18,23801483,42.23
Madhya Pradesh, 31-08-2017, M,1.33,21899358,38.83
Madhya Pradesh, 30-09-2017, M,1.27,23015166,40.7
Madhya Pradesh, 31-10-2017, M,1.64,22376267,39.63
Madhya Pradesh, 30-11-2017, M,4.34,22191934,40.32
Madhya Pradesh, 31-12-2017, M,2.6,23580932,41.99
Madhya Pradesh, 31-01-2018, M,2.98,21933653,39.12
Madhya Pradesh, 28-02-2018, M,2.78,22532271,40.03
Madhya Pradesh, 31-03-2018, M,5,22556962,40.91
Madhya Pradesh, 30-04-2018, M,3.18,22954705,40.77
Madhya Pradesh, 31-05-2018, M,2.02,21790698,38.16
Madhya Pradesh, 30-06-2018, M,2.59,22011650,38.68
Madhya Pradesh, 31-07-2018, M,4.24,22106279,39.43
Madhya Pradesh, 31-08-2018, M,6.21,23016950,41.83
Madhya Pradesh, 30-09-2018, M,3.64,21613322,38.14
Madhya Pradesh, 31-10-2018, M,7.29,21424091,39.21
Madhya Pradesh, 30-11-2018, M,6.53,21490622,38.93
Madhya Pradesh, 31-12-2018, M,6.98,22190073,40.3
Madhya Pradesh, 31-01-2019, M,4.76,21924819,38.81
Madhya Pradesh, 28-02-2019, M,6.47,22356536,40.21
Madhya Pradesh, 31-03-2019, M,5.4,22063401,39.15
Madhya Pradesh, 30-04-2019, M,6.47,22362845,40.05
Madhya Pradesh, 31-05-2019, M,3.72,22042549,38.26
Madhya Pradesh, 30-06-2019, M,4.86,22804132,39.97
Madhya Pradesh, 31-07-2019, M,4.91,22541149,39.44
Madhya Pradesh, 31-08-2019, M,5.5,23368979,41.06
Madhya Pradesh, 30-09-2019, M,4.37,22882648,39.64
Madhya Pradesh, 31-10-2019, M,3.38,23664352,40.49
Madhya Pradesh, 30-11-2019, M,3.69,22765882,38.99
Madhya Pradesh, 31-12-2019, M,3.9,23642051,40.49
Madhya Pradesh, 31-01-2020, M,4.11,23018632,39.42
Madhya Pradesh, 29-02-2020, M,4.57,22711479,39
Madhya Pradesh, 31-03-2020, M,2.22,22867164,38.24
Madhya Pradesh, 30-04-2020, M,12.36,19041832,35.45
Madhya Pradesh, 31-05-2020, M,21.98,18443927,38.48
Madhya Pradesh, 30-06-2020, M,6.48,23054646,40.04
Madhya Pradesh, 31-07-2020, M,5.08,23940158,40.88
Madhya Pradesh, 31-08-2020, M,4.7,23619011,40.08
Madhya Pradesh, 30-09-2020, M,3.93,23396559,39.3
Madhya Pradesh, 31-10-2020, M,3.26,23109279,38.46
Madhya Pradesh, 30-11-2020, M,4.34,24437387,41.04
Madhya Pradesh, 31-12-2020, M,3.99,23864423,39.85
Madhya Pradesh, 31-01-2021, M,6.15,23183713,39.51
Madhya Pradesh, 28-02-2021, M,2.02,22589307,36.8
Madhya Pradesh, 31-03-2021, M,1.5,24004347,38.82
Madhya Pradesh, 30-04-2021, M,1.35,22705824,36.58
Madhya Pradesh, 31-05-2021, M,5.27,21554601,36.08
Madhya Pradesh, 30-06-2021, M,2.34,22654430,36.71
Maharashtra, 31-01-2016, M,4.62,41175830,46.77
Maharashtra, 29-02-2016, M,3.69,41947738,47.11
Maharashtra, 31-03-2016, M,5.92,41426005,47.53
Maharashtra, 30-04-2016, M,9.92,42200931,50.47
Maharashtra, 31-05-2016, M,9.05,43656285,51.6
Maharashtra, 30-06-2016, M,6.58,44556278,51.18
Maharashtra, 31-07-2016, M,7.84,44741140,51.99
Maharashtra, 31-08-2016, M,8.96,42102304,49.43
Maharashtra, 30-09-2016, M,6.46,45059192,51.39
Maharashtra, 31-10-2016, M,4.34,46570690,51.83
Maharashtra, 30-11-2016, M,5.13,44592280,49.94
Maharashtra, 31-12-2016, M,5.2,43013262,48.12
Maharashtra, 31-01-2017, M,4.2,44369671,49.02
Maharashtra, 28-02-2017, M,3.49,45028087,49.29
Maharashtra, 31-03-2017, M,7.96,43864363,50.24
Maharashtra, 30-04-2017, M,4.05,43449940,47.65
Maharashtra, 31-05-2017, M,4.92,44091076,48.7
Maharashtra, 30-06-2017, M,4.11,44149420,48.26
Maharashtra, 31-07-2017, M,3.45,46291207,50.15
Maharashtra, 31-08-2017, M,4.76,43944919,48.17
Maharashtra, 30-09-2017, M,4.67,45138102,49.34
Maharashtra, 31-10-2017, M,3.87,45163462,48.86
Maharashtra, 30-11-2017, M,3.82,45467715,49.06
Maharashtra, 31-12-2017, M,2.7,44870497,47.77
Maharashtra, 31-01-2018, M,3.47,45213511,48.42
Maharashtra, 28-02-2018, M,3.83,45713503,49.05
Maharashtra, 31-03-2018, M,3.36,44650489,47.58
Maharashtra, 30-04-2018, M,4.88,44155265,47.71
Maharashtra, 31-05-2018, M,3.74,43268117,46.11
Maharashtra, 30-06-2018, M,4.19,43697315,46.69
Maharashtra, 31-07-2018, M,3.46,42810228,45.31
Maharashtra, 31-08-2018, M,4.05,41357801,43.95
Maharashtra, 30-09-2018, M,4.02,43722414,46.36
Maharashtra, 31-10-2018, M,3.82,43670526,46.12
Maharashtra, 30-11-2018, M,3.78,43591817,45.92
Maharashtra, 31-12-2018, M,3.21,42499581,44.42
Maharashtra, 31-01-2019, M,5.67,44188804,47.3
Maharashtra, 28-02-2019, M,3.73,43904146,45.96
Maharashtra, 31-03-2019, M,3.34,44082780,45.87
Maharashtra, 30-04-2019, M,4.09,41839940,43.79
Maharashtra, 31-05-2019, M,4.69,40859439,42.95
Maharashtra, 30-06-2019, M,5.26,40431563,42.67
Maharashtra, 31-07-2019, M,4.78,42059400,44.08
Maharashtra, 31-08-2019, M,5.26,43438141,45.66
Maharashtra, 30-09-2019, M,5.55,41617740,43.8
Maharashtra, 31-10-2019, M,5.38,41552227,43.56
Maharashtra, 30-11-2019, M,5.34,42368067,44.31
Maharashtra, 31-12-2019, M,4.94,42938783,44.63
Maharashtra, 31-01-2020, M,4.95,42596868,44.19
Maharashtra, 29-02-2020, M,4.69,42416317,43.8
Maharashtra, 31-03-2020, M,5.79,40196806,41.91
Maharashtra, 30-04-2020, M,20.9,27689253,34.32
Maharashtra, 31-05-2020, M,15.46,32116847,37.17
Maharashtra, 30-06-2020, M,9.23,39708538,42.71
Maharashtra, 31-07-2020, M,3.89,40998545,41.57
Maharashtra, 31-08-2020, M,6.23,40963616,42.49
Maharashtra, 30-09-2020, M,4.54,41970885,42.67
Maharashtra, 31-10-2020, M,4.2,42984107,43.46
Maharashtra, 30-11-2020, M,2.98,41835346,41.69
Maharashtra, 31-12-2020, M,3.9,41852719,42.02
Maharashtra, 31-01-2021, M,3.79,42638718,42.68
Maharashtra, 28-02-2021, M,3.75,43096660,43.04
Maharashtra, 31-03-2021, M,3.55,44407556,44.16
Maharashtra, 30-04-2021, M,5.47,40125662,40.64
Maharashtra, 31-05-2021, M,5.73,40777227,41.33
Maharashtra, 30-06-2021, M,4.37,42661792,42.54
Meghalaya, 31-01-2018, M,10.86,1138806,58.5
Meghalaya, 28-02-2018, M,7.92,1138690,56.5
Meghalaya, 31-03-2018, M,6.72,1067546,52.16
Meghalaya, 30-04-2018, M,4.04,1168761,55.38
Meghalaya, 31-05-2018, M,10.54,1149825,58.3
Meghalaya, 30-06-2018, M,6.73,1111337,53.91
Meghalaya, 31-07-2018, M,3.51,1178817,55.14
Meghalaya, 31-08-2018, M,4.23,1245669,58.56
Meghalaya, 30-09-2018, M,4.57,1271561,59.85
Meghalaya, 31-10-2018, M,4.81,1199584,56.46
Meghalaya, 30-11-2018, M,3.02,1305640,60.17
Meghalaya, 31-12-2018, M,2.71,1288889,59.06
Meghalaya, 31-01-2019, M,2.65,1367106,62.45
Meghalaya, 28-02-2019, M,6.4,1229411,58.28
Meghalaya, 31-03-2019, M,2.01,1419680,64.13
Meghalaya, 30-04-2019, M,2.28,1271267,57.44
Meghalaya, 31-05-2019, M,4.09,1347989,61.91
Meghalaya, 30-06-2019, M,5.08,1256049,58.14
Meghalaya, 31-07-2019, M,1.72,1442525,64.34
Meghalaya, 31-08-2019, M,1.6,1325158,58.88
Meghalaya, 30-09-2019, M,1.19,1416046,62.51
Meghalaya, 31-10-2019, M,4.35,1314984,59.81
Meghalaya, 30-11-2019, M,1.8,1499134,66.26
Meghalaya, 31-12-2019, M,2.48,1370415,60.85
Meghalaya, 31-01-2020, M,1.66,1491093,65.49
Meghalaya, 29-02-2020, M,3.59,1346829,60.2
Meghalaya, 31-03-2020, M,1.58,1482351,64.74
Meghalaya, 30-04-2020, M,10.03,965057,45.99
Meghalaya, 31-05-2020, M,5.92,1215064,55.24
Meghalaya, 30-06-2020, M,1.15,1350794,58.31
Meghalaya, 31-07-2020, M,2.1,1448106,62.96
Meghalaya, 31-08-2020, M,3.74,1357643,59.88
Meghalaya, 30-09-2020, M,4.29,1459726,64.6
Meghalaya, 31-10-2020, M,4.6,1381490,61.18
Meghalaya, 30-11-2020, M,1.12,1425271,60.75
Meghalaya, 31-12-2020, M,6.58,1320920,59.45
Meghalaya, 31-01-2021, M,3.28,1412004,61.23
Meghalaya, 28-02-2021, M,3.83,1326534,57.72
Meghalaya, 31-03-2021, M,1.31,1516752,64.15
Meghalaya, 30-04-2021, M,1.44,1385061,58.52
Meghalaya, 31-05-2021, M,6.49,1293466,57.46
Meghalaya, 30-06-2021, M,2.84,1472538,62.8
Odisha, 31-01-2016, M,7.06,15086246,49.41
Odisha, 29-02-2016, M,10.45,13815790,46.89
Odisha, 31-03-2016, M,12.64,15149389,52.62
Odisha, 30-04-2016, M,8.67,13731170,45.55
Odisha, 31-05-2016, M,7.85,14699097,48.25
Odisha, 30-06-2016, M,10.6,13928832,47.05
Odisha, 31-07-2016, M,9.03,14657563,48.57
Odisha, 31-08-2016, M,10.27,13758709,46.15
Odisha, 30-09-2016, M,4.75,14316551,45.16
Odisha, 31-10-2016, M,4.08,13786830,43.12
Odisha, 30-11-2016, M,4.94,14876909,46.87
Odisha, 31-12-2016, M,6.75,13902370,44.58
Odisha, 31-01-2017, M,4.72,13699079,42.92
Odisha, 28-02-2017, M,3.26,13618942,41.96
Odisha, 31-03-2017, M,1.56,14488426,43.8
Odisha, 30-04-2017, M,3.01,13443698,41.18
Odisha, 31-05-2017, M,6.81,13172723,41.93
Odisha, 30-06-2017, M,3.4,14236759,43.64
Odisha, 31-07-2017, M,3.29,14281925,43.66
Odisha, 31-08-2017, M,3.39,13779654,42.1
Odisha, 30-09-2017, M,4.51,13950476,43.05
Odisha, 31-10-2017, M,9.37,14150962,45.93
Odisha, 30-11-2017, M,1.98,14865796,44.54
Odisha, 31-12-2017, M,2.94,13455378,40.65
Odisha, 31-01-2018, M,5.59,13930924,43.2
Odisha, 28-02-2018, M,6.9,14241803,44.72
Odisha, 31-03-2018, M,7.61,13871369,43.82
Odisha, 30-04-2018, M,7.97,13430847,42.52
Odisha, 31-05-2018, M,8.18,13277964,42.06
Odisha, 30-06-2018, M,6.37,14145627,43.87
Odisha, 31-07-2018, M,5.59,14149366,43.45
Odisha, 31-08-2018, M,6.69,13718395,42.56
Odisha, 30-09-2018, M,5.63,13731085,42.05
Odisha, 31-10-2018, M,5.16,12945817,39.38
Odisha, 30-11-2018, M,3.45,14047116,41.91
Odisha, 31-12-2018, M,5,13676011,41.4
Odisha, 31-01-2019, M,4.18,13905907,41.66
Odisha, 28-02-2019, M,6.56,13179143,40.43
Odisha, 31-03-2019, M,2.82,14570943,42.91
Odisha, 30-04-2019, M,6.38,13406282,40.92
Odisha, 31-05-2019, M,3.95,13675335,40.61
Odisha, 30-06-2019, M,4.35,13321447,39.66
Odisha, 31-07-2019, M,3.05,14552118,42.68
Odisha, 31-08-2019, M,3.65,14184642,41.79
Odisha, 30-09-2019, M,4.22,13716469,40.58
Odisha, 31-10-2019, M,4.32,14078381,41.63
Odisha, 30-11-2019, M,4.29,14787087,43.64
Odisha, 31-12-2019, M,4.44,13714119,40.47
Odisha, 31-01-2020, M,1.9,13743448,39.44
Odisha, 29-02-2020, M,3.12,14280735,41.44
Odisha, 31-03-2020, M,13.08,12272109,39.62
Odisha, 30-04-2020, M,23.76,6865693,25.23
Odisha, 31-05-2020, M,11.41,11730937,37.04
Odisha, 30-06-2020, M,3.77,12903993,37.45
Odisha, 31-07-2020, M,1.88,13614400,38.69
Odisha, 31-08-2020, M,1.42,14154039,39.96
Odisha, 30-09-2020, M,2.1,13608422,38.63
Odisha, 31-10-2020, M,2.18,14094553,39.98
Odisha, 30-11-2020, M,1.7,14294301,40.28
Odisha, 31-12-2020, M,0.16,14645274,40.57
Odisha, 31-01-2021, M,2.97,13790183,39.24
Odisha, 28-02-2021, M,2.46,14077007,39.79
Odisha, 31-03-2021, M,1.56,14055367,39.29
Odisha, 30-04-2021, M,1.88,14869145,41.64
Odisha, 31-05-2021, M,7.02,12976729,38.29
Odisha, 30-06-2021, M,3.46,13403084,38.02
Puducherry, 31-01-2016, M,12.53,477055,49.91
Puducherry, 29-02-2016, M,16.32,520965,56.84
Puducherry, 31-03-2016, M,4.77,481553,46.05
Puducherry, 30-04-2016, M,1.42,527271,48.59
Puducherry, 31-05-2016, M,5.96,473039,45.59
Puducherry, 30-06-2016, M,13.55,521557,54.54
Puducherry, 31-07-2016, M,5.14,491214,46.7
Puducherry, 31-08-2016, M,1.5,527781,48.2
Puducherry, 30-09-2016, M,3.33,501535,46.56
Puducherry, 31-10-2016, M,11.54,545364,55.19
Puducherry, 30-11-2016, M,4.71,519621,48.7
Puducherry, 31-12-2016, M,2.6,539462,49.34
Puducherry, 31-01-2017, M,1.98,488026,44.24
Puducherry, 28-02-2017, M,4.41,555435,51.51
Puducherry, 31-03-2017, M,1.1,499616,44.68
Puducherry, 30-04-2017, M,3,535669,48.72
Puducherry, 31-05-2017, M,1.34,480371,42.85
Puducherry, 30-06-2017, M,6.7,514593,48.42
Puducherry, 31-07-2017, M,1.79,482802,43.05
Puducherry, 31-08-2017, M,4.3,498514,45.5
Puducherry, 30-09-2017, M,5.32,458240,42.18
Puducherry, 31-10-2017, M,2.87,527479,47.2
Puducherry, 30-11-2017, M,4.1,470843,42.57
Puducherry, 31-12-2017, M,2.79,483833,43.05
Puducherry, 31-01-2018, M,4.44,460214,41.56
Puducherry, 28-02-2018, M,2.02,514606,45.21
Puducherry, 31-03-2018, M,3.94,425864,38.07
Puducherry, 30-04-2018, M,1.65,495707,43.18
Puducherry, 31-05-2018, M,2.27,466126,40.75
Puducherry, 30-06-2018, M,0.76,514995,44.23
Puducherry, 31-07-2018, M,3.29,421274,37.04
Puducherry, 31-08-2018, M,0.68,502845,42.94
Puducherry, 30-09-2018, M,3.51,434151,38.07
Puducherry, 31-10-2018, M,0.57,501412,42.56
Puducherry, 30-11-2018, M,0.42,427563,36.15
Puducherry, 31-12-2018, M,0.37,508041,42.83
Puducherry, 31-01-2019, M,1.67,467102,39.79
Puducherry, 28-02-2019, M,0.87,504674,42.55
Puducherry, 31-03-2019, M,0.31,400011,33.45
Puducherry, 30-04-2019, M,0.37,504548,42.12
Puducherry, 31-05-2019, M,0.78,456379,38.16
Puducherry, 30-06-2019, M,0,488896,40.46
Puducherry, 31-07-2019, M,0,420344,34.7
Puducherry, 31-08-2019, M,7.47,496812,44.21
Puducherry, 30-09-2019, M,0.76,462290,38.26
Puducherry, 31-10-2019, M,1.17,492832,40.86
Puducherry, 30-11-2019, M,0.91,417790,34.46
Puducherry, 31-12-2019, M,4.05,493943,41.97
Puducherry, 31-01-2020, M,0.58,457950,37.46
Puducherry, 29-02-2020, M,1.76,493961,40.8
Puducherry, 31-03-2020, M,1.2,421028,34.49
Puducherry, 30-04-2020, M,75.85,117542,39.3
Puducherry, 31-05-2020, M,58.19,172308,33.19
Puducherry, 30-06-2020, M,4.24,367135,30.8
Puducherry, 31-07-2020, M,15.47,386563,36.64
Puducherry, 31-08-2020, M,5.05,396006,33.34
Puducherry, 30-09-2020, M,10.9,411717,36.84
Puducherry, 31-10-2020, M,6.18,428419,36.32
Puducherry, 30-11-2020, M,2.18,407505,33.05
Puducherry, 31-12-2020, M,2.7,415410,33.79
Puducherry, 31-01-2021, M,7.56,420079,35.87
Puducherry, 28-02-2021, M,5.76,420318,35.13
Puducherry, 31-03-2021, M,1.44,418321,33.34
Puducherry, 30-04-2021, M,2.72,424356,34.19
Puducherry, 31-05-2021, M,23.97,348683,35.85
Puducherry, 30-06-2021, M,47.12,222864,32.86
Punjab, 31-01-2016, M,7.66,9754023,46.27
Punjab, 29-02-2016, M,12.38,9262659,46.23
Punjab, 31-03-2016, M,8.32,9643108,45.92
Punjab, 30-04-2016, M,7.28,9656125,45.38
Punjab, 31-05-2016, M,5.07,10078832,46.19
Punjab, 30-06-2016, M,10.58,9560266,46.43
Punjab, 31-07-2016, M,6.29,10058453,46.53
Punjab, 31-08-2016, M,6.68,9941356,46.1
Punjab, 30-09-2016, M,4.81,10112534,45.89
Punjab, 31-10-2016, M,11.09,9524845,46.2
Punjab, 30-11-2016, M,4.87,10019825,45.35
Punjab, 31-12-2016, M,6.07,9303829,42.57
Punjab, 31-01-2017, M,5.62,9722154,44.19
Punjab, 28-02-2017, M,7.99,9403160,43.77
Punjab, 31-03-2017, M,2.62,10066784,44.2
Punjab, 30-04-2017, M,1.83,9969161,43.35
Punjab, 31-05-2017, M,5.45,9589951,43.22
Punjab, 30-06-2017, M,8.89,9213845,43.02
Punjab, 31-07-2017, M,4.68,10105217,45.02
Punjab, 31-08-2017, M,2.48,10153038,44.13
Punjab, 30-09-2017, M,4.02,9381025,41.36
Punjab, 31-10-2017, M,7.82,9101741,41.71
Punjab, 30-11-2017, M,9.15,9743608,45.22
Punjab, 31-12-2017, M,6.78,9751980,44.04
Punjab, 31-01-2018, M,6.69,9451517,42.56
Punjab, 28-02-2018, M,9.64,9037017,41.96
Punjab, 31-03-2018, M,9.01,9625563,44.3
Punjab, 30-04-2018, M,7.16,9565632,43.08
Punjab, 31-05-2018, M,7.26,9442801,42.5
Punjab, 30-06-2018, M,8.29,9159458,41.61
Punjab, 31-07-2018, M,8.44,9818753,44.6
Punjab, 31-08-2018, M,5.37,9692368,42.52
Punjab, 30-09-2018, M,9.83,9626059,44.24
Punjab, 31-10-2018, M,11.68,9227814,43.23
Punjab, 30-11-2018, M,8.56,9817265,44.34
Punjab, 31-12-2018, M,5.83,9710595,42.52
Punjab, 31-01-2019, M,10.47,9604005,44.15
Punjab, 28-02-2019, M,12.39,9205076,43.18
Punjab, 31-03-2019, M,9.8,9731044,44.25
Punjab, 30-04-2019, M,7.51,9641918,42.69
Punjab, 31-05-2019, M,10.73,9378466,42.94
Punjab, 30-06-2019, M,12.55,9333034,43.55
Punjab, 31-07-2019, M,10.36,9900571,44.99
Punjab, 31-08-2019, M,8.68,9683288,43.12
Punjab, 30-09-2019, M,11.29,9481369,43.39
Punjab, 31-10-2019, M,12.97,9092358,42.33
Punjab, 30-11-2019, M,8.29,9997265,44.1
Punjab, 31-12-2019, M,8.36,9739995,42.92
Punjab, 31-01-2020, M,11.11,9442093,42.82
Punjab, 29-02-2020, M,10.97,9229047,41.72
Punjab, 31-03-2020, M,10.32,9975485,44.69
Punjab, 30-04-2020, M,2.86,7020565,28.99
Punjab, 31-05-2020, M,28.33,6872938,38.39
Punjab, 30-06-2020, M,16.55,8390766,40.18
Punjab, 31-07-2020, M,9.19,9732417,42.76
Punjab, 31-08-2020, M,10.99,9386169,41.99
Punjab, 30-09-2020, M,9.61,8979999,39.5
Punjab, 31-10-2020, M,9.83,8811756,38.78
Punjab, 30-11-2020, M,7.64,9550215,40.96
Punjab, 31-12-2020, M,4.37,9369173,38.75
Punjab, 31-01-2021, M,8.09,9097268,39.07
Punjab, 28-02-2021, M,7.21,9037550,38.39
Punjab, 31-03-2021, M,7.35,9590215,40.73
Punjab, 30-04-2021, M,5.33,9367881,38.87
Punjab, 31-05-2021, M,8.84,8900420,38.28
Punjab, 30-06-2021, M,8.22,9010726,38.43
Rajasthan, 31-01-2016, M,6.72,19348695,40.49
Rajasthan, 29-02-2016, M,3.82,19918070,40.34
Rajasthan, 31-03-2016, M,7.56,18609185,39.12
Rajasthan, 30-04-2016, M,11.45,18644477,40.82
Rajasthan, 31-05-2016, M,8.82,18690639,39.65
Rajasthan, 30-06-2016, M,7.16,19780871,41.12
Rajasthan, 31-07-2016, M,6.36,17627470,36.24
Rajasthan, 31-08-2016, M,5.55,19503415,39.66
Rajasthan, 30-09-2016, M,4.17,20235485,40.47
Rajasthan, 31-10-2016, M,3.91,20135234,40.06
Rajasthan, 30-11-2016, M,4.97,17825134,35.78
Rajasthan, 31-12-2016, M,7.77,18760518,38.71
Rajasthan, 31-01-2017, M,5.18,19134010,38.31
Rajasthan, 28-02-2017, M,3.73,20408833,40.17
Rajasthan, 31-03-2017, M,2.79,20914052,40.67
Rajasthan, 30-04-2017, M,4.95,20169763,40.02
Rajasthan, 31-05-2017, M,2.73,19176736,37.09
Rajasthan, 30-06-2017, M,4.4,20645461,40.54
Rajasthan, 31-07-2017, M,1.72,19236798,36.66
Rajasthan, 31-08-2017, M,6.5,19241686,38.45
Rajasthan, 30-09-2017, M,1.59,20493578,38.82
Rajasthan, 31-10-2017, M,3.56,19386262,37.38
Rajasthan, 30-11-2017, M,7.78,20520622,41.29
Rajasthan, 31-12-2017, M,4.7,19617961,38.11
Rajasthan, 31-01-2018, M,6.41,19639483,38.76
Rajasthan, 28-02-2018, M,6.65,19078450,37.67
Rajasthan, 31-03-2018, M,13.2,19637012,41.6
Rajasthan, 30-04-2018, M,7.4,19053973,37.75
Rajasthan, 31-05-2018, M,5.36,20019460,38.71
Rajasthan, 30-06-2018, M,10.08,19367639,39.33
Rajasthan, 31-07-2018, M,9.49,19558725,39.36
Rajasthan, 31-08-2018, M,9.75,19277283,38.82
Rajasthan, 30-09-2018, M,7.58,19564512,38.39
Rajasthan, 31-10-2018, M,13.63,19543972,40.94
Rajasthan, 30-11-2018, M,12.51,19776255,40.8
Rajasthan, 31-12-2018, M,14.87,19491220,41.23
Rajasthan, 31-01-2019, M,7.67,19802750,38.53
Rajasthan, 28-02-2019, M,10.58,20445986,40.99
Rajasthan, 31-03-2019, M,9.71,19964844,39.54
Rajasthan, 30-04-2019, M,12.58,20053759,40.93
Rajasthan, 31-05-2019, M,6.63,20334436,38.77
Rajasthan, 30-06-2019, M,13.88,19851738,40.94
Rajasthan, 31-07-2019, M,10.23,20232340,39.94
Rajasthan, 31-08-2019, M,13.08,20247209,41.18
Rajasthan, 30-09-2019, M,7.52,20467523,39.03
Rajasthan, 31-10-2019, M,14.24,20562884,42.19
Rajasthan, 30-11-2019, M,11.49,20585267,40.83
Rajasthan, 31-12-2019, M,15.01,20594797,42.44
Rajasthan, 31-01-2020, M,10.97,20641716,40.51
Rajasthan, 29-02-2020, M,15.16,20328915,41.77
Rajasthan, 31-03-2020, M,11.9,20024680,39.54
Rajasthan, 30-04-2020, M,17.7,15984142,33.71
Rajasthan, 31-05-2020, M,15.74,19826602,40.74
Rajasthan, 30-06-2020, M,14.39,20506612,41.38
Rajasthan, 31-07-2020, M,15.81,19932393,40.8
Rajasthan, 31-08-2020, M,17.51,20014060,41.71
Rajasthan, 30-09-2020, M,15.35,20149594,40.83
Rajasthan, 31-10-2020, M,24.1,19913403,44.9
Rajasthan, 30-11-2020, M,18.52,20268396,42.47
Rajasthan, 31-12-2020, M,28.23,19786545,46.96
Rajasthan, 31-01-2021, M,17.69,21125626,43.62
Rajasthan, 28-02-2021, M,25.63,20096427,45.83
Rajasthan, 31-03-2021, M,19.74,20392741,42.99
Rajasthan, 30-04-2021, M,28.04,19857143,46.58
Rajasthan, 31-05-2021, M,27.64,18671874,43.45
Rajasthan, 30-06-2021, M,26.25,20231188,46.09
Sikkim, 30-09-2018, M,11.25,280884,58.62
Sikkim, 31-10-2018, M,12.14,207652,43.66
Sikkim, 30-11-2018, M,4.69,258027,49.87
Sikkim, 31-01-2019, M,13.24,274484,57.97
Sikkim, 28-02-2019, M,8.3,227220,45.28
Sikkim, 31-03-2019, M,6.8,265777,51.97
Sikkim, 30-04-2019, M,4.79,219201,41.85
Sikkim, 31-05-2019, M,13.31,271818,56.83
Sikkim, 30-06-2019, M,8.99,229429,45.56
Sikkim, 31-07-2019, M,6.81,265454,51.34
Sikkim, 31-08-2019, M,2.06,218190,40.04
Sikkim, 30-09-2019, M,6.41,280086,53.64
Sikkim, 31-10-2019, M,7.1,234662,45.14
Sikkim, 30-11-2019, M,9.71,270177,53.33
Sikkim, 31-12-2019, M,3.34,249682,45.9
Sikkim, 31-03-2020, M,23.57,262895,60.59
Sikkim, 30-04-2020, M,2.28,215303,38.7
Sikkim, 31-05-2020, M,24.51,193427,44.88
Sikkim, 30-06-2020, M,4.46,221058,40.4
Sikkim, 31-07-2020, M,4.45,265175,48.32
Sikkim, 31-08-2020, M,12.49,244462,48.49
Sikkim, 30-09-2020, M,5.7,231798,42.54
Sikkim, 31-10-2020, M,0.88,242068,42.13
Sikkim, 30-11-2020, M,1.85,265087,46.46
Sikkim, 31-12-2020, M,0.67,291263,50.29
Sikkim, 31-01-2021, M,0,271163,46.35
Sikkim, 28-02-2021, M,4.29,269144,47.94
Sikkim, 31-03-2021, M,1.74,268111,46.37
Sikkim, 30-04-2021, M,1.8,260191,44.89
Sikkim, 31-05-2021, M,4.19,271870,47.92
Sikkim, 30-06-2021, M,0,264393,44.51
Tamil Nadu, 31-01-2016, M,7.59,30805567,55.23
Tamil Nadu, 29-02-2016, M,4.41,31278490,54.13
Tamil Nadu, 31-03-2016, M,11.6,30359801,56.73
Tamil Nadu, 30-04-2016, M,9.77,30660799,56.04
Tamil Nadu, 31-05-2016, M,9.11,30645647,55.52
Tamil Nadu, 30-06-2016, M,6.79,30171453,53.22
Tamil Nadu, 31-07-2016, M,8.53,30969081,55.57
Tamil Nadu, 31-08-2016, M,10.93,31978443,58.84
Tamil Nadu, 30-09-2016, M,18.4,30483125,61.13
Tamil Nadu, 31-10-2016, M,10.65,30783285,56.28
Tamil Nadu, 30-11-2016, M,6,30488813,52.91
Tamil Nadu, 31-12-2016, M,7.09,31379847,55
Tamil Nadu, 31-01-2017, M,12.55,30962576,57.57
Tamil Nadu, 28-02-2017, M,7.63,30800814,54.14
Tamil Nadu, 31-03-2017, M,4.18,30820227,52.14
Tamil Nadu, 30-04-2017, M,5.69,30815482,52.88
Tamil Nadu, 31-05-2017, M,3.67,30431940,51.05
Tamil Nadu, 30-06-2017, M,2.68,30258932,50.16
Tamil Nadu, 31-07-2017, M,3.18,30263412,50.35
Tamil Nadu, 31-08-2017, M,2.81,29487963,48.8
Tamil Nadu, 30-09-2017, M,3.08,30523117,50.57
Tamil Nadu, 31-10-2017, M,3.85,30030092,50.07
Tamil Nadu, 30-11-2017, M,3,30688529,50.64
Tamil Nadu, 31-12-2017, M,2.94,30532083,50.27
Tamil Nadu, 31-01-2018, M,2.4,30443984,49.77
Tamil Nadu, 28-02-2018, M,2.55,29243004,47.81
Tamil Nadu, 31-03-2018, M,3.03,29810179,48.9
Tamil Nadu, 30-04-2018, M,1.87,30027606,48.6
Tamil Nadu, 31-05-2018, M,2.08,30141678,48.81
Tamil Nadu, 30-06-2018, M,1.51,29200317,46.94
Tamil Nadu, 31-07-2018, M,2.56,29806640,48.35
Tamil Nadu, 31-08-2018, M,1.6,29456524,47.24
Tamil Nadu, 30-09-2018, M,1.8,28568698,45.84
Tamil Nadu, 31-10-2018, M,1.1,28284400,44.99
Tamil Nadu, 30-11-2018, M,3.02,29311576,47.48
Tamil Nadu, 31-12-2018, M,2.07,28063954,44.94
Tamil Nadu, 31-01-2019, M,2.25,27520190,44.08
Tamil Nadu, 28-02-2019, M,1.91,27638278,44.05
Tamil Nadu, 31-03-2019, M,1.72,28235810,44.84
Tamil Nadu, 30-04-2019, M,1.23,27490694,43.38
Tamil Nadu, 31-05-2019, M,0.94,27642770,43.42
Tamil Nadu, 30-06-2019, M,1.19,28694054,45.12
Tamil Nadu, 31-07-2019, M,4.83,28510351,46.47
Tamil Nadu, 31-08-2019, M,5.8,28397017,46.69
Tamil Nadu, 30-09-2019, M,1.8,26967205,42.46
Tamil Nadu, 31-10-2019, M,1.31,27819597,43.52
Tamil Nadu, 30-11-2019, M,2.54,27953384,44.21
Tamil Nadu, 31-12-2019, M,5.7,27617321,45.07
Tamil Nadu, 31-01-2020, M,1.57,26881641,41.96
Tamil Nadu, 29-02-2020, M,2.09,27570589,43.2
Tamil Nadu, 31-03-2020, M,6.4,26830768,43.91
Tamil Nadu, 30-04-2020, M,49.83,9719167,29.63
Tamil Nadu, 31-05-2020, M,33.16,11483256,26.23
Tamil Nadu, 30-06-2020, M,12.2,19096847,33.16
Tamil Nadu, 31-07-2020, M,6.81,24572827,40.13
Tamil Nadu, 31-08-2020, M,2.65,27046415,42.22
Tamil Nadu, 30-09-2020, M,5,23025845,36.77
Tamil Nadu, 31-10-2020, M,2.16,23651626,36.62
Tamil Nadu, 30-11-2020, M,1.15,24629525,37.68
Tamil Nadu, 31-12-2020, M,0.53,25020860,37.98
Tamil Nadu, 31-01-2021, M,3.99,22930424,36
Tamil Nadu, 28-02-2021, M,4.79,23539357,37.22
Tamil Nadu, 31-03-2021, M,3.02,24688097,38.26
Tamil Nadu, 30-04-2021, M,2.34,24591402,37.78
Tamil Nadu, 31-05-2021, M,27.97,14183803,29.5
Tamil Nadu, 30-06-2021, M,8.3,19876121,32.42
Telangana, 31-01-2016, M,7.36,17815321,66.91
Telangana, 29-02-2016, M,4.67,16508460,60.14
Telangana, 31-03-2016, M,4.76,15830168,57.62
Telangana, 30-04-2016, M,6.49,17066847,63.15
Telangana, 31-05-2016, M,6.3,16361651,60.31
Telangana, 30-06-2016, M,8.53,13940938,52.54
Telangana, 31-07-2016, M,4.64,14246163,51.4
Telangana, 31-08-2016, M,4.1,17057209,61.08
Telangana, 30-09-2016, M,3.69,15686245,55.83
Telangana, 31-10-2016, M,7.48,15577069,57.61
Telangana, 30-11-2016, M,4.83,16339639,58.63
Telangana, 31-12-2016, M,4.6,17562401,62.75
Telangana, 31-01-2017, M,5.23,14693047,52.75
Telangana, 28-02-2017, M,14.47,14393489,57.15
Telangana, 31-03-2017, M,5.38,17750002,63.59
Telangana, 30-04-2017, M,2.59,16709603,58.04
Telangana, 31-05-2017, M,3.38,14706639,51.4
Telangana, 30-06-2017, M,12.94,14332462,55.5
Telangana, 31-07-2017, M,4.71,15170845,53.56
Telangana, 31-08-2017, M,1.98,16297243,55.83
Telangana, 30-09-2017, M,2.42,14134302,48.55
Telangana, 31-10-2017, M,4.05,14173236,49.42
Telangana, 30-11-2017, M,2.83,17340383,59.59
Telangana, 31-12-2017, M,2.74,17360562,59.49
Telangana, 31-01-2018, M,4,14531233,50.35
Telangana, 28-02-2018, M,3.43,15226578,52.36
Telangana, 31-03-2018, M,3.62,15861778,54.55
Telangana, 30-04-2018, M,1.97,14615094,49.33
Telangana, 31-05-2018, M,0.97,14067425,46.91
Telangana, 30-06-2018, M,1.19,15242436,50.85
Telangana, 31-07-2018, M,0.75,16613504,55.07
Telangana, 31-08-2018, M,0.49,15788971,52.1
Telangana, 30-09-2018, M,0.44,16593024,54.63
Telangana, 31-10-2018, M,0.94,14672276,48.45
Telangana, 30-11-2018, M,0.52,16996261,55.79
Telangana, 31-12-2018, M,0.94,15232136,50.11
Telangana, 31-01-2019, M,2.61,16647293,55.6
Telangana, 28-02-2019, M,2.38,15556530,51.74
Telangana, 31-03-2019, M,2.48,16619084,55.23
Telangana, 30-04-2019, M,2.66,15128939,50.28
Telangana, 31-05-2019, M,1.99,16614003,54.73
Telangana, 30-06-2019, M,4.41,16412169,55.34
Telangana, 31-07-2019, M,2.86,16971193,56.2
Telangana, 31-08-2019, M,2.37,16288655,53.56
Telangana, 30-09-2019, M,4.82,17084091,57.52
Telangana, 31-10-2019, M,7.11,16693687,57.48
Telangana, 30-11-2019, M,6.07,16603948,56.44
Telangana, 31-12-2019, M,2.3,16385834,53.44
Telangana, 31-01-2020, M,5.49,17609295,59.25
Telangana, 29-02-2020, M,8.29,16825970,58.24
Telangana, 31-03-2020, M,5.77,17341613,58.31
Telangana, 30-04-2020, M,6.25,12172230,41.06
Telangana, 31-05-2020, M,14.7,14977774,55.43
Telangana, 30-06-2020, M,10.55,15108910,53.22
Telangana, 31-07-2020, M,5.36,15679417,52.1
Telangana, 31-08-2020, M,5.79,18185429,60.59
Telangana, 30-09-2020, M,3.27,16958984,54.93
Telangana, 31-10-2020, M,2.93,17417825,56.11
Telangana, 30-11-2020, M,1.56,17190976,54.51
Telangana, 31-12-2020, M,7.05,13239092,44.37
Telangana, 31-01-2021, M,4.26,16304175,52.95
Telangana, 28-02-2021, M,5.58,16040348,52.73
Telangana, 31-03-2021, M,3.67,16373619,52.65
Telangana, 30-04-2021, M,5.05,14105009,45.94
Telangana, 31-05-2021, M,7.39,17020870,56.72
Telangana, 30-06-2021, M,4.82,15122550,48.94
Tripura, 30-09-2017, M,19.41,1218132,49.47
Tripura, 31-10-2017, M,8.51,1468082,52.43
Tripura, 30-11-2017, M,8.35,1266700,45.08
Tripura, 31-01-2018, M,31.11,1399231,66
Tripura, 28-02-2018, M,30.23,1416297,65.85
Tripura, 31-03-2018, M,15.19,1301630,49.7
Tripura, 30-04-2018, M,13.55,1340371,50.12
Tripura, 31-05-2018, M,23.68,1441375,60.94
Tripura, 30-06-2018, M,22.13,1440654,59.58
Tripura, 31-07-2018, M,17.86,1330820,52.09
Tripura, 31-08-2018, M,27.43,1384626,61.23
Tripura, 30-09-2018, M,39.1,1375891,72.36
Tripura, 31-10-2018, M,32.43,1480505,70.05
Tripura, 30-11-2018, M,32.34,1408467,66.44
Tripura, 31-12-2018, M,27.34,1430316,62.71
Tripura, 31-01-2019, M,32.63,1434823,67.72
Tripura, 28-02-2019, M,26.16,1544426,66.4
Tripura, 31-03-2019, M,22.98,1449641,59.64
Tripura, 30-04-2019, M,25.43,1435520,60.89
Tripura, 31-05-2019, M,30.94,1442676,65.95
Tripura, 30-06-2019, M,26.36,1515751,64.87
Tripura, 31-07-2019, M,23.44,1463180,60.12
Tripura, 31-08-2019, M,27.86,1344478,58.52
Tripura, 30-09-2019, M,31.23,1452452,66.2
Tripura, 31-10-2019, M,27.31,1528572,65.79
Tripura, 30-11-2019, M,25.8,1512333,63.65
Tripura, 31-12-2019, M,28.59,1446305,63.14
Tripura, 31-01-2020, M,32.67,1508130,69.69
Tripura, 29-02-2020, M,28.4,1584686,68.74
Tripura, 31-03-2020, M,29.95,1511217,66.89
Tripura, 30-04-2020, M,41.23,971514,51.16
Tripura, 31-05-2020, M,21.51,1290986,50.81
Tripura, 30-06-2020, M,21.71,1494140,58.85
Tripura, 31-07-2020, M,18.24,1348849,50.78
Tripura, 31-08-2020, M,27.92,1318621,56.21
Tripura, 30-09-2020, M,17.35,1368244,50.77
Tripura, 31-10-2020, M,11.57,1576529,54.58
Tripura, 30-11-2020, M,13.06,1454568,51.13
Tripura, 31-12-2020, M,18.21,1389711,51.82
Tripura, 31-01-2021, M,18.15,1395070,51.89
Tripura, 28-02-2021, M,11.05,1629794,55.69
Tripura, 31-03-2021, M,13.94,1493608,52.65
Tripura, 30-04-2021, M,17.28,1436936,52.61
Tripura, 31-05-2021, M,20.02,1353582,51.16
Tripura, 30-06-2021, M,9.62,1651388,55.13
Uttar Pradesh, 31-01-2016, M,14.91,55745996,44.88
Uttar Pradesh, 29-02-2016, M,15.45,55421160,44.8
Uttar Pradesh, 31-03-2016, M,14.39,56956539,45.37
Uttar Pradesh, 30-04-2016, M,15.38,56075058,45.1
Uttar Pradesh, 31-05-2016, M,16.42,57530487,46.74
Uttar Pradesh, 30-06-2016, M,17.98,56695242,46.83
Uttar Pradesh, 31-07-2016, M,14.22,56653902,44.65
Uttar Pradesh, 31-08-2016, M,17.08,56479195,45.94
Uttar Pradesh, 30-09-2016, M,10.13,60547730,45.34
Uttar Pradesh, 31-10-2016, M,8.87,58878595,43.39
Uttar Pradesh, 30-11-2016, M,6.64,55870756,40.1
Uttar Pradesh, 31-12-2016, M,7.59,55423935,40.1
Uttar Pradesh, 31-01-2017, M,3.71,57004034,39.49
Uttar Pradesh, 28-02-2017, M,3.02,56657637,38.89
Uttar Pradesh, 31-03-2017, M,2.43,55173498,37.56
Uttar Pradesh, 30-04-2017, M,5.04,55104794,38.46
Uttar Pradesh, 31-05-2017, M,2.84,55762962,37.96
Uttar Pradesh, 30-06-2017, M,2.74,58190274,39.48
Uttar Pradesh, 31-07-2017, M,2.06,56207063,37.79
Uttar Pradesh, 31-08-2017, M,6.65,56156277,39.52
Uttar Pradesh, 30-09-2017, M,3.66,56279964,38.29
Uttar Pradesh, 31-10-2017, M,3.73,57974586,39.38
Uttar Pradesh, 30-11-2017, M,2.49,56092981,37.54
Uttar Pradesh, 31-12-2017, M,5.4,55321312,38.08
Uttar Pradesh, 31-01-2018, M,4.03,56584288,38.3
Uttar Pradesh, 28-02-2018, M,3.93,57593239,38.87
Uttar Pradesh, 31-03-2018, M,3.14,56809415,37.94
Uttar Pradesh, 30-04-2018, M,5.56,56525466,38.64
Uttar Pradesh, 31-05-2018, M,5.21,56869822,38.64
Uttar Pradesh, 30-06-2018, M,4.04,57795994,38.71
Uttar Pradesh, 31-07-2018, M,4.63,56798203,38.19
Uttar Pradesh, 31-08-2018, M,8.5,56361205,39.41
Uttar Pradesh, 30-09-2018, M,7.88,56621023,39.24
Uttar Pradesh, 31-10-2018, M,6.19,56735101,38.52
Uttar Pradesh, 30-11-2018, M,6.98,56398508,38.54
Uttar Pradesh, 31-12-2018, M,11.03,56170553,40.04
Uttar Pradesh, 31-01-2019, M,9.59,56136714,39.29
Uttar Pradesh, 28-02-2019, M,9.52,55641146,38.83
Uttar Pradesh, 31-03-2019, M,8.87,57027803,39.43
Uttar Pradesh, 30-04-2019, M,11.06,57829154,40.88
Uttar Pradesh, 31-05-2019, M,11.28,56679062,40.07
Uttar Pradesh, 30-06-2019, M,11.25,55900999,39.42
Uttar Pradesh, 31-07-2019, M,9.84,56559433,39.18
Uttar Pradesh, 31-08-2019, M,12.27,56878991,40.4
Uttar Pradesh, 30-09-2019, M,8.11,57838879,39.14
Uttar Pradesh, 31-10-2019, M,10.22,56771594,39.23
Uttar Pradesh, 30-11-2019, M,8.05,57390420,38.64
Uttar Pradesh, 31-12-2019, M,9.39,58497260,39.87
Uttar Pradesh, 31-01-2020, M,7.58,59433759,39.63
Uttar Pradesh, 29-02-2020, M,8.98,58060531,39.23
Uttar Pradesh, 31-03-2020, M,10.11,56976338,38.89
Uttar Pradesh, 30-04-2020, M,21.54,50915056,39.73
Uttar Pradesh, 31-05-2020, M,20.41,49801902,38.22
Uttar Pradesh, 30-06-2020, M,9.47,55380649,37.29
Uttar Pradesh, 31-07-2020, M,5.56,56201654,36.19
Uttar Pradesh, 31-08-2020, M,5.79,55831744,35.96
Uttar Pradesh, 30-09-2020, M,4.18,56106836,35.45
Uttar Pradesh, 31-10-2020, M,3.75,56539521,35.49
Uttar Pradesh, 30-11-2020, M,5.16,56720101,36.05
Uttar Pradesh, 31-12-2020, M,14.95,55796313,39.46
Uttar Pradesh, 31-01-2021, M,4.89,55124290,34.78
Uttar Pradesh, 28-02-2021, M,4.1,56568780,35.33
Uttar Pradesh, 31-03-2021, M,4.14,55834036,34.8
Uttar Pradesh, 30-04-2021, M,6.3,56962368,36.25
Uttar Pradesh, 31-05-2021, M,6.89,55829255,35.67
Uttar Pradesh, 30-06-2021, M,4.32,55933912,34.7
Uttarakhand, 31-01-2016, M,1.31,4445674,57.37
Uttarakhand, 29-02-2016, M,4.53,3639695,48.45
Uttarakhand, 31-03-2016, M,2.42,2979208,38.72
Uttarakhand, 30-04-2016, M,1.26,3983774,51.06
Uttarakhand, 31-05-2016, M,1.08,4800244,61.28
Uttarakhand, 30-06-2016, M,2.85,3465939,44.96
Uttarakhand, 31-07-2016, M,0.7,3195012,40.46
Uttarakhand, 31-08-2016, M,0.94,3471708,43.98
Uttarakhand, 30-09-2016, M,1.57,3306285,42.06
Uttarakhand, 31-10-2016, M,3.97,3211894,41.79
Uttarakhand, 30-11-2016, M,0.12,2813932,35.13
Uttarakhand, 31-12-2016, M,0.83,3432212,43.06
Uttarakhand, 31-01-2017, M,0.55,3721353,46.46
Uttarakhand, 28-02-2017, M,3.03,3300878,42.18
Uttarakhand, 31-03-2017, M,0.28,3007019,37.28
Uttarakhand, 30-04-2017, M,0.25,3203487,39.63
Uttarakhand, 31-05-2017, M,0.14,3226954,39.79
Uttarakhand, 30-06-2017, M,1.81,3099901,38.79
Uttarakhand, 31-07-2017, M,0.28,2939428,36.14
Uttarakhand, 31-08-2017, M,0,3220367,39.39
Uttarakhand, 30-09-2017, M,0.27,3130806,38.32
Uttarakhand, 31-10-2017, M,1.48,3010583,37.22
Uttarakhand, 30-11-2017, M,3.86,2999276,37.92
Uttarakhand, 31-12-2017, M,1.83,2809832,34.72
Uttarakhand, 31-01-2018, M,0.87,2784116,33.99
Uttarakhand, 28-02-2018, M,1.22,2984513,36.5
Uttarakhand, 31-03-2018, M,2.41,3007174,37.14
Uttarakhand, 30-04-2018, M,0.92,2775194,33.69
Uttarakhand, 31-05-2018, M,1,2833419,34.35
Uttarakhand, 30-06-2018, M,1.26,2901086,35.19
Uttarakhand, 31-07-2018, M,2.33,2947761,36.07
Uttarakhand, 31-08-2018, M,0.33,2734560,32.71
Uttarakhand, 30-09-2018, M,2.36,2804291,34.17
Uttarakhand, 31-10-2018, M,4.37,2852962,35.42
Uttarakhand, 30-11-2018, M,4.06,2900676,35.82
Uttarakhand, 31-12-2018, M,5.48,2775272,34.71
Uttarakhand, 31-01-2019, M,3.53,2879018,35.21
Uttarakhand, 28-02-2019, M,5.12,2852743,35.4
Uttarakhand, 31-03-2019, M,5,2852673,35.28
Uttarakhand, 30-04-2019, M,6.36,2732098,34.2
Uttarakhand, 31-05-2019, M,3.58,2784842,33.78
Uttarakhand, 30-06-2019, M,4.66,2928442,35.86
Uttarakhand, 31-07-2019, M,6.1,2860425,35.48
Uttarakhand, 31-08-2019, M,6.52,2735347,34.01
Uttarakhand, 30-09-2019, M,5.07,2868994,35.05
Uttarakhand, 31-10-2019, M,4.8,2952837,35.89
Uttarakhand, 30-11-2019, M,5.8,2912016,35.7
Uttarakhand, 31-12-2019, M,5.41,2792345,34.01
Uttarakhand, 31-01-2020, M,5.49,2711639,32.99
Uttarakhand, 29-02-2020, M,4.99,3020931,36.48
Uttarakhand, 31-03-2020, M,19.85,2539302,36.27
Uttarakhand, 30-04-2020, M,6.48,2720115,33.23
Uttarakhand, 31-05-2020, M,8.01,2694072,33.38
Uttarakhand, 30-06-2020, M,8.61,2656071,33.06
Uttarakhand, 31-07-2020, M,12.38,2938552,38.07
Uttarakhand, 31-08-2020, M,14.26,2717528,35.9
Uttarakhand, 30-09-2020, M,22.26,2695230,39.18
Uttarakhand, 31-10-2020, M,9.23,2739309,34.03
Uttarakhand, 30-11-2020, M,1.47,2447664,27.95
Uttarakhand, 31-12-2020, M,5.19,2647822,31.36
Uttarakhand, 31-01-2021, M,4.45,2531098,29.68
Uttarakhand, 28-02-2021, M,4.69,2775542,32.56
Uttarakhand, 31-03-2021, M,3.26,2511431,28.96
Uttarakhand, 30-04-2021, M,5.96,2852350,33.77
Uttarakhand, 31-05-2021, M,5.49,2447140,28.76
Uttarakhand, 30-06-2021, M,4.81,2822878,32.87
West Bengal, 31-01-2016, M,9.04,31812990,47.11
West Bengal, 29-02-2016, M,6.19,30811585,44.16
West Bengal, 31-03-2016, M,8.24,31201247,45.64
West Bengal, 30-04-2016, M,7.54,31812979,46.09
West Bengal, 31-05-2016, M,6.6,32086784,45.93
West Bengal, 30-06-2016, M,6.85,30067878,43.08
West Bengal, 31-07-2016, M,7.99,31073305,44.98
West Bengal, 31-08-2016, M,7.23,32623468,46.75
West Bengal, 30-09-2016, M,7.73,33751829,48.54
West Bengal, 31-10-2016, M,4.64,31877620,44.27
West Bengal, 30-11-2016, M,7.26,31427741,44.8
West Bengal, 31-12-2016, M,5.94,32473234,45.55
West Bengal, 31-01-2017, M,6.6,32880205,46.36
West Bengal, 28-02-2017, M,4.83,32158803,44.42
West Bengal, 31-03-2017, M,6.59,31936698,44.86
West Bengal, 30-04-2017, M,5.13,33365721,46.06
West Bengal, 31-05-2017, M,5.96,33572499,46.66
West Bengal, 30-06-2017, M,4.82,33083715,45.35
West Bengal, 31-07-2017, M,6.31,32377573,45
West Bengal, 31-08-2017, M,5.17,33438750,45.82
West Bengal, 30-09-2017, M,7.46,32616700,45.72
West Bengal, 31-10-2017, M,5.75,33910697,46.58
West Bengal, 30-11-2017, M,5.94,33428349,45.92
West Bengal, 31-12-2017, M,5.37,34617683,47.18
West Bengal, 31-01-2018, M,8.63,32811721,46.23
West Bengal, 28-02-2018, M,8.83,34163374,48.15
West Bengal, 31-03-2018, M,7.92,33019745,45.99
West Bengal, 30-04-2018, M,6.24,33967751,46.38
West Bengal, 31-05-2018, M,7.37,33663732,46.43
West Bengal, 30-06-2018, M,7.82,34147434,47.24
West Bengal, 31-07-2018, M,6.43,34253459,46.6
West Bengal, 31-08-2018, M,5.7,34492073,46.47
West Bengal, 30-09-2018, M,7.14,33858370,46.24
West Bengal, 31-10-2018, M,6.74,34891251,47.35
West Bengal, 30-11-2018, M,6.15,34765004,46.79
West Bengal, 31-12-2018, M,5.89,35003804,46.9
West Bengal, 31-01-2019, M,6.95,34442774,46.58
West Bengal, 28-02-2019, M,6.45,35325211,47.43
West Bengal, 31-03-2019, M,6.1,35655928,47.61
West Bengal, 30-04-2019, M,6.55,35642390,47.73
West Bengal, 31-05-2019, M,6.43,34759070,46.4
West Bengal, 30-06-2019, M,6.31,36154978,48.11
West Bengal, 31-07-2019, M,6.32,35637632,47.34
West Bengal, 31-08-2019, M,6.12,36381326,48.13
West Bengal, 30-09-2019, M,6.41,35681623,47.26
West Bengal, 31-10-2019, M,7.1,34916695,46.5
West Bengal, 30-11-2019, M,6.06,36398814,47.85
West Bengal, 31-12-2019, M,6.25,36241930,47.65
West Bengal, 31-01-2020, M,6.94,35820789,47.35
West Bengal, 29-02-2020, M,4.92,36964178,47.74
West Bengal, 31-03-2020, M,6.92,35903917,47.27
West Bengal, 30-04-2020, M,17.41,26938836,39.9
West Bengal, 31-05-2020, M,17.41,28356675,41.92
West Bengal, 30-06-2020, M,7.29,30726310,40.39
West Bengal, 31-07-2020, M,6.83,35372506,46.17
West Bengal, 31-08-2020, M,14.87,33298644,47.48
West Bengal, 30-09-2020, M,9.31,35877583,47.93
West Bengal, 31-10-2020, M,10.22,33856332,45.6
West Bengal, 30-11-2020, M,11.24,33420675,45.45
West Bengal, 31-12-2020, M,6.01,35829652,45.93
West Bengal, 31-01-2021, M,5.25,36563881,46.4
West Bengal, 28-02-2021, M,6.22,37127736,47.52
West Bengal, 31-03-2021, M,7.51,35827410,46.41
West Bengal, 30-04-2021, M,7.63,34849346,45.11
West Bengal, 31-05-2021, M,19.34,28897052,42.75
West Bengal, 30-06-2021, M,22.14,30440202,46.57
India, 31-01-2016, M,8.72,408609380,47.7
India, 29-02-2016, M,8.46,402169984,46.72
India, 31-03-2016, M,8.73,397037060,46.18
India, 30-04-2016, M,8.9,403488712,46.92
India, 31-05-2016, M,9.65,414185605,48.47
India, 30-06-2016, M,8.91,401597521,46.52
India, 31-07-2016, M,8.51,399367855,45.97
India, 31-08-2016, M,9.59,406539793,47.26
India, 30-09-2016, M,8.43,418463537,47.94
India, 31-10-2016, M,6.71,414260479,46.49
India, 30-11-2016, M,6.51,401452641,44.87
India, 31-12-2016, M,6.4,406231569,45.26
India, 31-01-2017, M,5.93,409089180,45.26
India, 28-02-2017, M,5.01,407510573,44.57
India, 31-03-2017, M,4.67,405041471,44.05
India, 30-04-2017, M,3.87,404907085,43.59
India, 31-05-2017, M,4.03,405278054,43.61
India, 30-06-2017, M,4.12,408560176,43.92
India, 31-07-2017, M,3.37,402701002,42.87
India, 31-08-2017, M,4.07,405548445,43.4
India, 30-09-2017, M,4.63,405856846,43.61
India, 31-10-2017, M,5,406599177,43.77
India, 30-11-2017, M,4.72,409132411,43.83
India, 31-12-2017, M,4.74,408355283,43.67
India, 31-01-2018, M,5.01,405838316,43.43
India, 28-02-2018, M,5.87,405980615,43.77
India, 31-03-2018, M,6,402405346,43.35
India, 30-04-2018, M,5.57,401930972,43.02
India, 31-05-2018, M,5.14,401972361,42.75
India, 30-06-2018, M,5.75,401484904,42.88
India, 31-07-2018, M,5.66,401114819,42.72
India, 31-08-2018, M,6.27,397988063,42.58
India, 30-09-2018, M,6.47,403098663,43.13
India, 31-10-2018, M,6.83,396084619,42.46
India, 30-11-2018, M,6.65,401073049,42.83
India, 31-12-2018, M,7.02,397460299,42.53
India, 31-01-2019, M,6.86,406093726,43.29
India, 28-02-2019, M,7.2,399913970,42.71
India, 31-03-2019, M,6.65,402600865,42.66
India, 30-04-2019, M,7.35,399248195,42.54
India, 31-05-2019, M,7.03,403703192,42.78
India, 30-06-2019, M,7.87,400337390,42.73
India, 31-07-2019, M,7.34,403064278,42.69
India, 31-08-2019, M,8.19,403245519,43.02
India, 30-09-2019, M,7.14,406718757,42.81
India, 31-10-2019, M,8.1,404124236,42.9
India, 30-11-2019, M,7.23,403049912,42.3
India, 31-12-2019, M,7.6,405647546,42.66
India, 31-01-2020, M,7.22,410473913,42.9
India, 29-02-2020, M,7.76,405954169,42.6
India, 31-03-2020, M,8.75,395840756,41.9
India, 30-04-2020, M,23.52,282203816,35.57
India, 31-05-2020, M,21.73,313793837,38.57
India, 30-06-2020, M,10.18,376993536,40.3
India, 31-07-2020, M,7.4,392341064,40.61
India, 31-08-2020, M,8.35,392520303,40.96
India, 30-09-2020, M,6.68,397739844,40.68
India, 31-10-2020, M,7.02,396450375,40.62
India, 30-11-2020, M,6.5,394133855,40.08
India, 31-12-2020, M,9.06,388777142,40.56
India, 31-01-2021, M,6.52,400709258,40.59
India, 28-02-2021, M,6.89,398213434,40.43
India, 31-03-2021, M,6.5,398145073,40.17
India, 30-04-2021, M,7.97,390790128,39.98
India, 31-05-2021, M,11.9,375458641,40.04
India, 30-06-2021, M,9.17,383287653,39.57
